concept_key,preferred_name,semantic_definition,entity_level,value_type,cardinality,structured_shape_ref,source_of_truth_kind,read_contract,write_contract,applicability_kind,owner_candidate,representation_candidate,localization_kind,vocabulary_kind,concept_status,evidence_platforms,evidence_coverage_count,alias_concept_keys,broader_concept_key,conflicts_with_concept_keys,decision_reference,confidence,review_status,review_note
google_merchant:attribute:additionalimagelinks,additionalImageLinks,"Google Merchant provider-local publication semantic.",ProcessedProductAttribute,list,optional_one,not_applicable,google_publication_or_submission,processed_publication_output,conditional_write_by_data_spec,provider_contextual,Media,publication_media_binding,publication_language_context_not_localization,provider_controlled_or_typed,domain,google_merchant,1,not_applicable,not_applicable,not_applicable,not_applicable,supported,PROVIDER_VERIFIED,"Single physical Google representation; cross-platform merge deferred."
google_merchant:attribute:adsgrouping,adsGrouping,"Google Merchant provider-local publication semantic.",ProcessedProductAttribute,string,optional_one,not_applicable,google_publication_or_submission,processed_publication_output,conditional_write_by_data_spec,provider_contextual,Connector,publication_channel_control,publication_language_context_not_localization,provider_controlled_or_typed,channel,google_merchant,1,not_applicable,not_applicable,not_applicable,not_applicable,supported,PROVIDER_VERIFIED,"Single physical Google representation; cross-platform merge deferred."
google_merchant:attribute:adslabels,adsLabels,"Google Merchant provider-local publication semantic.",ProcessedProductAttribute,list,optional_one,not_applicable,google_publication_or_submission,processed_publication_output,conditional_write_by_data_spec,provider_contextual,Connector,publication_channel_control,publication_language_context_not_localization,provider_controlled_or_typed,channel,google_merchant,1,not_applicable,not_applicable,not_applicable,not_applicable,supported,PROVIDER_VERIFIED,"Single physical Google representation; cross-platform merge deferred."
google_merchant:attribute:adsredirect,adsRedirect,"Google Merchant provider-local publication semantic.",ProcessedProductAttribute,string,optional_one,not_applicable,google_publication_or_submission,processed_publication_output,conditional_write_by_data_spec,provider_contextual,Connector,publication_channel_control,publication_language_context_not_localization,provider_controlled_or_typed,channel,google_merchant,1,not_applicable,not_applicable,not_applicable,not_applicable,supported,PROVIDER_VERIFIED,"Single physical Google representation; cross-platform merge deferred."
google_merchant:attribute:adult,adult,"Google Merchant provider-local publication semantic.",ProcessedProductAttribute,boolean,optional_one,not_applicable,google_publication_or_submission,processed_publication_output,conditional_write_by_data_spec,provider_contextual,Compliance,publication_compliance_evidence,publication_language_context_not_localization,provider_controlled_or_typed,domain,google_merchant,1,not_applicable,not_applicable,not_applicable,queue:google_compliance,supported,DEFERRED_REVIEW,"Single physical Google representation; cross-platform merge deferred."
google_merchant:attribute:agegroup,ageGroup,"Google Merchant provider-local publication semantic.",ProcessedProductAttribute,string,optional_one,not_applicable,google_publication_or_submission,processed_publication_output,conditional_write_by_data_spec,provider_contextual,ProductData,processed_output_with_conditional_input_binding,publication_language_context_not_localization,provider_controlled_or_typed,reusable_candidate,google_merchant,1,not_applicable,not_applicable,not_applicable,not_applicable,supported,PROVIDER_VERIFIED,"Single physical Google representation; cross-platform merge deferred."
google_merchant:attribute:amenityfeature,amenityFeature,"Google Merchant provider-local publication semantic.",ProcessedProductAttribute,list,optional_one,not_applicable,google_publication_or_submission,processed_publication_output,conditional_write_by_data_spec,provider_contextual,PropertyVertical,vertical_scoped_publication_attribute,publication_language_context_not_localization,provider_controlled_or_typed,category_candidate,google_merchant,1,not_applicable,not_applicable,not_applicable,queue:google_vertical_applicability,supported,DEFERRED_REVIEW,"Single physical Google representation; cross-platform merge deferred."
google_merchant:attribute:autopricingminprice,autoPricingMinPrice,"Google Merchant provider-local publication semantic.",ProcessedProductAttribute,structured,optional_one,not_applicable,google_publication_or_submission,processed_publication_output,conditional_write_by_data_spec,provider_contextual,Pricing,publication_commercial_binding,publication_language_context_not_localization,provider_controlled_or_typed,domain,google_merchant,1,not_applicable,not_applicable,not_applicable,not_applicable,supported,PROVIDER_VERIFIED,"Single physical Google representation; cross-platform merge deferred."
google_merchant:attribute:availability,availability,"Google Merchant provider-local publication semantic.",ProcessedProductAttribute,string,optional_one,not_applicable,google_publication_or_submission,processed_publication_output,conditional_write_by_data_spec,provider_contextual,Availability,publication_availability_binding,publication_language_context_not_localization,provider_controlled_or_typed,domain,google_merchant,1,not_applicable,not_applicable,not_applicable,queue:google_availability,supported,DEFERRED_REVIEW,"Single physical Google representation; cross-platform merge deferred."
google_merchant:attribute:availabilitydate,availabilityDate,"Google Merchant provider-local publication semantic.",ProcessedProductAttribute,string,optional_one,not_applicable,google_publication_or_submission,processed_publication_output,conditional_write_by_data_spec,provider_contextual,Availability,publication_availability_binding,publication_language_context_not_localization,provider_controlled_or_typed,domain,google_merchant,1,not_applicable,not_applicable,not_applicable,queue:google_preorder_date,supported,DEFERRED_REVIEW,"Single physical Google representation; cross-platform merge deferred."
google_merchant:attribute:bodystyle,bodyStyle,"Google Merchant provider-local publication semantic.",ProcessedProductAttribute,string,optional_one,not_applicable,google_publication_or_submission,processed_publication_output,conditional_write_by_data_spec,provider_contextual,VehicleVertical,vertical_scoped_publication_attribute,publication_language_context_not_localization,provider_controlled_or_typed,category_candidate,google_merchant,1,not_applicable,not_applicable,not_applicable,queue:google_vertical_applicability,supported,DEFERRED_REVIEW,"Single physical Google representation; cross-platform merge deferred."
google_merchant:attribute:brand,brand,"Google Merchant provider-local publication semantic.",ProcessedProductAttribute,string,optional_one,not_applicable,google_publication_or_submission,processed_publication_output,conditional_write_by_data_spec,provider_contextual,ProductData,processed_output_with_conditional_input_binding,publication_language_context_not_localization,provider_controlled_or_typed,reusable_candidate,google_merchant,1,not_applicable,not_applicable,not_applicable,not_applicable,supported,PROVIDER_VERIFIED,"Single physical Google representation; cross-platform merge deferred."
google_merchant:attribute:canonicallink,canonicalLink,"Google Merchant provider-local publication semantic.",ProcessedProductAttribute,string,optional_one,not_applicable,google_publication_or_submission,processed_publication_output,conditional_write_by_data_spec,provider_contextual,Connector,publication_governance_or_link,publication_language_context_not_localization,provider_controlled_or_typed,channel,google_merchant,1,not_applicable,not_applicable,not_applicable,queue:google_landing_url,supported,DEFERRED_REVIEW,"Single physical Google representation; cross-platform merge deferred."
google_merchant:attribute:carriershipping,carrierShipping,"Google Merchant provider-local publication semantic.",ProcessedProductAttribute,list,optional_one,not_applicable,google_publication_or_submission,processed_publication_output,conditional_write_by_data_spec,provider_contextual,ShippingReturns,publication_shipping_returns_capability,publication_language_context_not_localization,provider_controlled_or_typed,domain,google_merchant,1,not_applicable,not_applicable,not_applicable,not_applicable,supported,PROVIDER_VERIFIED,"Single physical Google representation; cross-platform merge deferred."
google_merchant:attribute:certifications,certifications,"Google Merchant provider-local publication semantic.",ProcessedProductAttribute,list,optional_one,not_applicable,google_publication_or_submission,processed_publication_output,conditional_write_by_data_spec,provider_contextual,Compliance,publication_compliance_evidence,publication_language_context_not_localization,provider_controlled_or_typed,domain,google_merchant,1,not_applicable,not_applicable,not_applicable,queue:google_compliance,supported,DEFERRED_REVIEW,"Single physical Google representation; cross-platform merge deferred."
google_merchant:attribute:certifiedpreowned,certifiedPreOwned,"Google Merchant provider-local publication semantic.",ProcessedProductAttribute,boolean,optional_one,not_applicable,google_publication_or_submission,processed_publication_output,conditional_write_by_data_spec,provider_contextual,VehicleVertical,vertical_scoped_publication_attribute,publication_language_context_not_localization,provider_controlled_or_typed,category_candidate,google_merchant,1,not_applicable,not_applicable,not_applicable,queue:google_vertical_applicability,supported,DEFERRED_REVIEW,"Single physical Google representation; cross-platform merge deferred."
google_merchant:attribute:cloudexportadditionalproperties,cloudExportAdditionalProperties,"Google Merchant provider-local publication semantic.",ProcessedProductAttribute,list,optional_one,not_applicable,google_publication_or_submission,processed_publication_output,conditional_write_by_data_spec,provider_contextual,Connector,publication_channel_control,publication_language_context_not_localization,provider_controlled_or_typed,channel,google_merchant,1,not_applicable,not_applicable,not_applicable,not_applicable,supported,PROVIDER_VERIFIED,"Single physical Google representation; cross-platform merge deferred."
google_merchant:attribute:co2emissions,co2Emissions,"Google Merchant provider-local publication semantic.",ProcessedProductAttribute,structured,optional_one,not_applicable,google_publication_or_submission,processed_publication_output,conditional_write_by_data_spec,provider_contextual,Compliance,vertical_compliance_candidate,publication_language_context_not_localization,provider_controlled_or_typed,deferred,google_merchant,1,not_applicable,not_applicable,not_applicable,queue:google_vertical_applicability|queue:google_compliance,supported,DEFERRED_REVIEW,"Single physical Google representation; cross-platform merge deferred."
google_merchant:attribute:color,color,"Google Merchant provider-local publication semantic.",ProcessedProductAttribute,string,optional_one,not_applicable,google_publication_or_submission,processed_publication_output,conditional_write_by_data_spec,provider_contextual,ProductData,processed_output_with_conditional_input_binding,publication_language_context_not_localization,provider_controlled_or_typed,reusable_candidate,google_merchant,1,not_applicable,not_applicable,not_applicable,not_applicable,supported,PROVIDER_VERIFIED,"Single physical Google representation; cross-platform merge deferred."
google_merchant:attribute:condition,condition,"Google Merchant provider-local publication semantic.",ProcessedProductAttribute,string,optional_one,not_applicable,google_publication_or_submission,processed_publication_output,conditional_write_by_data_spec,provider_contextual,ProductData,processed_output_with_conditional_input_binding,publication_language_context_not_localization,provider_controlled_or_typed,reusable_candidate,google_merchant,1,not_applicable,not_applicable,not_applicable,not_applicable,supported,PROVIDER_VERIFIED,"Single physical Google representation; cross-platform merge deferred."
google_merchant:attribute:costofgoodssold,costOfGoodsSold,"Google Merchant provider-local publication semantic.",ProcessedProductAttribute,structured,optional_one,not_applicable,google_publication_or_submission,processed_publication_output,conditional_write_by_data_spec,provider_contextual,Pricing,publication_commercial_binding,publication_language_context_not_localization,provider_controlled_or_typed,domain,google_merchant,1,not_applicable,not_applicable,not_applicable,not_applicable,supported,PROVIDER_VERIFIED,"Single physical Google representation; cross-platform merge deferred."
google_merchant:attribute:customlabel0,customLabel0,"Google Merchant provider-local publication semantic.",ProcessedProductAttribute,string,optional_one,not_applicable,google_publication_or_submission,processed_publication_output,conditional_write_by_data_spec,provider_contextual,Connector,publication_channel_control,publication_language_context_not_localization,provider_controlled_or_typed,channel,google_merchant,1,not_applicable,not_applicable,not_applicable,not_applicable,supported,PROVIDER_VERIFIED,"Single physical Google representation; cross-platform merge deferred."
google_merchant:attribute:customlabel1,customLabel1,"Google Merchant provider-local publication semantic.",ProcessedProductAttribute,string,optional_one,not_applicable,google_publication_or_submission,processed_publication_output,conditional_write_by_data_spec,provider_contextual,Connector,publication_channel_control,publication_language_context_not_localization,provider_controlled_or_typed,channel,google_merchant,1,not_applicable,not_applicable,not_applicable,not_applicable,supported,PROVIDER_VERIFIED,"Single physical Google representation; cross-platform merge deferred."
google_merchant:attribute:customlabel2,customLabel2,"Google Merchant provider-local publication semantic.",ProcessedProductAttribute,string,optional_one,not_applicable,google_publication_or_submission,processed_publication_output,conditional_write_by_data_spec,provider_contextual,Connector,publication_channel_control,publication_language_context_not_localization,provider_controlled_or_typed,channel,google_merchant,1,not_applicable,not_applicable,not_applicable,not_applicable,supported,PROVIDER_VERIFIED,"Single physical Google representation; cross-platform merge deferred."
google_merchant:attribute:customlabel3,customLabel3,"Google Merchant provider-local publication semantic.",ProcessedProductAttribute,string,optional_one,not_applicable,google_publication_or_submission,processed_publication_output,conditional_write_by_data_spec,provider_contextual,Connector,publication_channel_control,publication_language_context_not_localization,provider_controlled_or_typed,channel,google_merchant,1,not_applicable,not_applicable,not_applicable,not_applicable,supported,PROVIDER_VERIFIED,"Single physical Google representation; cross-platform merge deferred."
google_merchant:attribute:customlabel4,customLabel4,"Google Merchant provider-local publication semantic.",ProcessedProductAttribute,string,optional_one,not_applicable,google_publication_or_submission,processed_publication_output,conditional_write_by_data_spec,provider_contextual,Connector,publication_channel_control,publication_language_context_not_localization,provider_controlled_or_typed,channel,google_merchant,1,not_applicable,not_applicable,not_applicable,not_applicable,supported,PROVIDER_VERIFIED,"Single physical Google representation; cross-platform merge deferred."
google_merchant:attribute:datefirstregistered,dateFirstRegistered,"Google Merchant provider-local publication semantic.",ProcessedProductAttribute,string,optional_one,not_applicable,google_publication_or_submission,processed_publication_output,conditional_write_by_data_spec,provider_contextual,VehicleVertical,vertical_scoped_publication_attribute,publication_language_context_not_localization,provider_controlled_or_typed,category_candidate,google_merchant,1,not_applicable,not_applicable,not_applicable,queue:google_vertical_applicability,supported,DEFERRED_REVIEW,"Single physical Google representation; cross-platform merge deferred."
google_merchant:attribute:description,description,"Google Merchant provider-local publication semantic.",ProcessedProductAttribute,string,optional_one,not_applicable,google_publication_or_submission,processed_publication_output,conditional_write_by_data_spec,provider_contextual,ProductData,processed_output_with_conditional_input_binding,publication_language_context_not_localization,provider_controlled_or_typed,reusable_candidate,google_merchant,1,not_applicable,not_applicable,not_applicable,not_applicable,supported,PROVIDER_VERIFIED,"Single physical Google representation; cross-platform merge deferred."
google_merchant:attribute:disclosuredate,disclosureDate,"Google Merchant provider-local publication semantic.",ProcessedProductAttribute,string,optional_one,not_applicable,google_publication_or_submission,processed_publication_output,conditional_write_by_data_spec,provider_contextual,Connector,publication_channel_control,publication_language_context_not_localization,provider_controlled_or_typed,channel,google_merchant,1,not_applicable,not_applicable,not_applicable,not_applicable,supported,PROVIDER_VERIFIED,"Single physical Google representation; cross-platform merge deferred."
google_merchant:attribute:displayaddress,displayAddress,"Google Merchant provider-local publication semantic.",ProcessedProductAttribute,structured,optional_one,not_applicable,google_publication_or_submission,processed_publication_output,conditional_write_by_data_spec,provider_contextual,PropertyVertical,vertical_scoped_publication_attribute,publication_language_context_not_localization,provider_controlled_or_typed,category_candidate,google_merchant,1,not_applicable,not_applicable,not_applicable,queue:google_vertical_applicability,supported,DEFERRED_REVIEW,"Single physical Google representation; cross-platform merge deferred."
google_merchant:attribute:displayadsid,displayAdsId,"Google Merchant provider-local publication semantic.",ProcessedProductAttribute,string,optional_one,not_applicable,google_publication_or_submission,processed_publication_output,conditional_write_by_data_spec,provider_contextual,Connector,publication_channel_control,publication_language_context_not_localization,provider_controlled_or_typed,channel,google_merchant,1,not_applicable,not_applicable,not_applicable,not_applicable,supported,PROVIDER_VERIFIED,"Single physical Google representation; cross-platform merge deferred."
google_merchant:attribute:displayadslink,displayAdsLink,"Google Merchant provider-local publication semantic.",ProcessedProductAttribute,string,optional_one,not_applicable,google_publication_or_submission,processed_publication_output,conditional_write_by_data_spec,provider_contextual,Connector,publication_channel_control,publication_language_context_not_localization,provider_controlled_or_typed,channel,google_merchant,1,not_applicable,not_applicable,not_applicable,not_applicable,supported,PROVIDER_VERIFIED,"Single physical Google representation; cross-platform merge deferred."
google_merchant:attribute:displayadssimilarids,displayAdsSimilarIds,"Google Merchant provider-local publication semantic.",ProcessedProductAttribute,list,optional_one,not_applicable,google_publication_or_submission,processed_publication_output,conditional_write_by_data_spec,provider_contextual,Connector,publication_channel_control,publication_language_context_not_localization,provider_controlled_or_typed,channel,google_merchant,1,not_applicable,not_applicable,not_applicable,not_applicable,supported,PROVIDER_VERIFIED,"Single physical Google representation; cross-platform merge deferred."
google_merchant:attribute:displayadstitle,displayAdsTitle,"Google Merchant provider-local publication semantic.",ProcessedProductAttribute,string,optional_one,not_applicable,google_publication_or_submission,processed_publication_output,conditional_write_by_data_spec,provider_contextual,Connector,publication_channel_control,publication_language_context_not_localization,provider_controlled_or_typed,channel,google_merchant,1,not_applicable,not_applicable,not_applicable,not_applicable,supported,PROVIDER_VERIFIED,"Single physical Google representation; cross-platform merge deferred."
google_merchant:attribute:displayadsvalue,displayAdsValue,"Google Merchant provider-local publication semantic.",ProcessedProductAttribute,decimal,optional_one,not_applicable,google_publication_or_submission,processed_publication_output,conditional_write_by_data_spec,provider_contextual,Connector,publication_channel_control,publication_language_context_not_localization,provider_controlled_or_typed,channel,google_merchant,1,not_applicable,not_applicable,not_applicable,not_applicable,supported,PROVIDER_VERIFIED,"Single physical Google representation; cross-platform merge deferred."
google_merchant:attribute:documentlinks,documentLinks,"Google Merchant provider-local publication semantic.",ProcessedProductAttribute,list,optional_one,not_applicable,google_publication_or_submission,processed_publication_output,conditional_write_by_data_spec,provider_contextual,Media,publication_media_binding,publication_language_context_not_localization,provider_controlled_or_typed,domain,google_merchant,1,not_applicable,not_applicable,not_applicable,not_applicable,supported,PROVIDER_VERIFIED,"Single physical Google representation; cross-platform merge deferred."
google_merchant:attribute:electricrange,electricRange,"Google Merchant provider-local publication semantic.",ProcessedProductAttribute,structured,optional_one,not_applicable,google_publication_or_submission,processed_publication_output,conditional_write_by_data_spec,provider_contextual,VehicleVertical,vertical_scoped_publication_attribute,publication_language_context_not_localization,provider_controlled_or_typed,category_candidate,google_merchant,1,not_applicable,not_applicable,not_applicable,queue:google_vertical_applicability,supported,DEFERRED_REVIEW,"Single physical Google representation; cross-platform merge deferred."
google_merchant:attribute:emissionsstandard,emissionsStandard,"Google Merchant provider-local publication semantic.",ProcessedProductAttribute,string,optional_one,not_applicable,google_publication_or_submission,processed_publication_output,conditional_write_by_data_spec,provider_contextual,Compliance,vertical_compliance_candidate,publication_language_context_not_localization,provider_controlled_or_typed,deferred,google_merchant,1,not_applicable,not_applicable,not_applicable,queue:google_vertical_applicability|queue:google_compliance,supported,DEFERRED_REVIEW,"Single physical Google representation; cross-platform merge deferred."
google_merchant:attribute:energyconsumption,energyConsumption,"Google Merchant provider-local publication semantic.",ProcessedProductAttribute,structured,optional_one,not_applicable,google_publication_or_submission,processed_publication_output,conditional_write_by_data_spec,provider_contextual,Compliance,vertical_compliance_candidate,publication_language_context_not_localization,provider_controlled_or_typed,deferred,google_merchant,1,not_applicable,not_applicable,not_applicable,queue:google_vertical_applicability|queue:google_compliance,supported,DEFERRED_REVIEW,"Single physical Google representation; cross-platform merge deferred."
google_merchant:attribute:energyefficiencyclass,energyEfficiencyClass,"Google Merchant provider-local publication semantic.",ProcessedProductAttribute,string,optional_one,not_applicable,google_publication_or_submission,processed_publication_output,conditional_write_by_data_spec,provider_contextual,Compliance,publication_compliance_evidence,publication_language_context_not_localization,provider_controlled_or_typed,domain,google_merchant,1,not_applicable,not_applicable,not_applicable,queue:google_compliance,supported,DEFERRED_REVIEW,"Single physical Google representation; cross-platform merge deferred."
google_merchant:attribute:engine,engine,"Google Merchant provider-local publication semantic.",ProcessedProductAttribute,string,optional_one,not_applicable,google_publication_or_submission,processed_publication_output,conditional_write_by_data_spec,provider_contextual,VehicleVertical,vertical_scoped_publication_attribute,publication_language_context_not_localization,provider_controlled_or_typed,category_candidate,google_merchant,1,not_applicable,not_applicable,not_applicable,queue:google_vertical_applicability,supported,DEFERRED_REVIEW,"Single physical Google representation; cross-platform merge deferred."
google_merchant:attribute:excludeddestinations,excludedDestinations,"Google Merchant provider-local publication semantic.",ProcessedProductAttribute,list,optional_one,not_applicable,google_publication_or_submission,processed_publication_output,conditional_write_by_data_spec,provider_contextual,Connector,publication_channel_control,publication_language_context_not_localization,provider_controlled_or_typed,channel,google_merchant,1,not_applicable,not_applicable,not_applicable,not_applicable,supported,PROVIDER_VERIFIED,"Single physical Google representation; cross-platform merge deferred."
google_merchant:attribute:expirationdate,expirationDate,"Google Merchant provider-local publication semantic.",ProcessedProductAttribute,string,optional_one,not_applicable,google_publication_or_submission,processed_publication_output,conditional_write_by_data_spec,provider_contextual,Connector,publication_channel_control,publication_language_context_not_localization,provider_controlled_or_typed,channel,google_merchant,1,not_applicable,not_applicable,not_applicable,not_applicable,supported,PROVIDER_VERIFIED,"Single physical Google representation; cross-platform merge deferred."
google_merchant:attribute:externalsellerid,externalSellerId,"Google Merchant provider-local publication semantic.",ProcessedProductAttribute,string,optional_one,not_applicable,google_publication_or_submission,processed_publication_output,conditional_write_by_data_spec,provider_contextual,Connector,publication_channel_control,publication_language_context_not_localization,provider_controlled_or_typed,channel,google_merchant,1,not_applicable,not_applicable,not_applicable,not_applicable,supported,PROVIDER_VERIFIED,"Single physical Google representation; cross-platform merge deferred."
google_merchant:attribute:freeshippingthreshold,freeShippingThreshold,"Google Merchant provider-local publication semantic.",ProcessedProductAttribute,list,optional_one,not_applicable,google_publication_or_submission,processed_publication_output,conditional_write_by_data_spec,provider_contextual,ShippingReturns,publication_shipping_returns_capability,publication_language_context_not_localization,provider_controlled_or_typed,domain,google_merchant,1,not_applicable,not_applicable,not_applicable,not_applicable,supported,PROVIDER_VERIFIED,"Single physical Google representation; cross-platform merge deferred."
google_merchant:attribute:fuelconsumption,fuelConsumption,"Google Merchant provider-local publication semantic.",ProcessedProductAttribute,structured,optional_one,not_applicable,google_publication_or_submission,processed_publication_output,conditional_write_by_data_spec,provider_contextual,VehicleVertical,vertical_scoped_publication_attribute,publication_language_context_not_localization,provider_controlled_or_typed,category_candidate,google_merchant,1,not_applicable,not_applicable,not_applicable,queue:google_vertical_applicability,supported,DEFERRED_REVIEW,"Single physical Google representation; cross-platform merge deferred."
google_merchant:attribute:fuelconsumptiondischargedbattery,fuelConsumptionDischargedBattery,"Google Merchant provider-local publication semantic.",ProcessedProductAttribute,structured,optional_one,not_applicable,google_publication_or_submission,processed_publication_output,conditional_write_by_data_spec,provider_contextual,VehicleVertical,vertical_scoped_publication_attribute,publication_language_context_not_localization,provider_controlled_or_typed,category_candidate,google_merchant,1,not_applicable,not_applicable,not_applicable,queue:google_vertical_applicability,supported,DEFERRED_REVIEW,"Single physical Google representation; cross-platform merge deferred."
google_merchant:attribute:gender,gender,"Google Merchant provider-local publication semantic.",ProcessedProductAttribute,string,optional_one,not_applicable,google_publication_or_submission,processed_publication_output,conditional_write_by_data_spec,provider_contextual,ProductData,processed_output_with_conditional_input_binding,publication_language_context_not_localization,provider_controlled_or_typed,reusable_candidate,google_merchant,1,not_applicable,not_applicable,not_applicable,not_applicable,supported,PROVIDER_VERIFIED,"Single physical Google representation; cross-platform merge deferred."
google_merchant:attribute:googleproductcategory,googleProductCategory,"Google Merchant provider-local publication semantic.",ProcessedProductAttribute,string,optional_one,not_applicable,google_publication_or_submission,processed_publication_output,conditional_write_by_data_spec,provider_contextual,Connector,google_taxonomy_context,publication_language_context_not_localization,provider_controlled_or_typed,channel,google_merchant,1,not_applicable,not_applicable,not_applicable,queue:google_taxonomy,supported,DEFERRED_REVIEW,"Single physical Google representation; cross-platform merge deferred."
google_merchant:attribute:gtins,gtins,"Google Merchant provider-local publication semantic.",ProcessedProductAttribute,list,optional_one,not_applicable,google_publication_or_submission,processed_publication_output,conditional_write_by_data_spec,provider_contextual,ProductData,processed_output_with_conditional_input_binding,publication_language_context_not_localization,provider_controlled_or_typed,reusable_candidate,google_merchant,1,not_applicable,not_applicable,not_applicable,not_applicable,supported,PROVIDER_VERIFIED,"Single physical Google representation; cross-platform merge deferred."
google_merchant:attribute:handlingcutofftimes,handlingCutoffTimes,"Google Merchant provider-local publication semantic.",ProcessedProductAttribute,list,optional_one,not_applicable,google_publication_or_submission,processed_publication_output,conditional_write_by_data_spec,provider_contextual,ShippingReturns,publication_shipping_returns_capability,publication_language_context_not_localization,provider_controlled_or_typed,domain,google_merchant,1,not_applicable,not_applicable,not_applicable,not_applicable,supported,PROVIDER_VERIFIED,"Single physical Google representation; cross-platform merge deferred."
google_merchant:attribute:identifierexists,identifierExists,"Google Merchant provider-local publication semantic.",ProcessedProductAttribute,boolean,optional_one,not_applicable,google_publication_or_submission,processed_publication_output,conditional_write_by_data_spec,provider_contextual,Connector,publication_governance_or_link,publication_language_context_not_localization,provider_controlled_or_typed,channel,google_merchant,1,not_applicable,not_applicable,not_applicable,queue:google_identifier_exists,supported,DEFERRED_REVIEW,"Single physical Google representation; cross-platform merge deferred."
google_merchant:attribute:imagelink,imageLink,"Google Merchant provider-local publication semantic.",ProcessedProductAttribute,string,optional_one,not_applicable,google_publication_or_submission,processed_publication_output,conditional_write_by_data_spec,provider_contextual,Media,publication_media_binding,publication_language_context_not_localization,provider_controlled_or_typed,domain,google_merchant,1,not_applicable,not_applicable,not_applicable,not_applicable,supported,PROVIDER_VERIFIED,"Single physical Google representation; cross-platform merge deferred."
google_merchant:attribute:includeddestinations,includedDestinations,"Google Merchant provider-local publication semantic.",ProcessedProductAttribute,list,optional_one,not_applicable,google_publication_or_submission,processed_publication_output,conditional_write_by_data_spec,provider_contextual,Connector,publication_channel_control,publication_language_context_not_localization,provider_controlled_or_typed,channel,google_merchant,1,not_applicable,not_applicable,not_applicable,not_applicable,supported,PROVIDER_VERIFIED,"Single physical Google representation; cross-platform merge deferred."
google_merchant:attribute:installment,installment,"Google Merchant provider-local publication semantic.",ProcessedProductAttribute,structured,optional_one,not_applicable,google_publication_or_submission,processed_publication_output,conditional_write_by_data_spec,provider_contextual,Pricing,publication_commercial_binding,publication_language_context_not_localization,provider_controlled_or_typed,domain,google_merchant,1,not_applicable,not_applicable,not_applicable,not_applicable,supported,PROVIDER_VERIFIED,"Single physical Google representation; cross-platform merge deferred."
google_merchant:attribute:isbundle,isBundle,"Google Merchant provider-local publication semantic.",ProcessedProductAttribute,boolean,optional_one,not_applicable,google_publication_or_submission,processed_publication_output,conditional_write_by_data_spec,provider_contextual,VariantComposition,business_defined_bundle_composition,publication_language_context_not_localization,provider_controlled_or_typed,domain,google_merchant,1,not_applicable,not_applicable,not_applicable,not_applicable,supported,PROVIDER_VERIFIED,"Single physical Google representation; cross-platform merge deferred."
google_merchant:attribute:itemgroupid,itemGroupId,"Google Merchant provider-local publication semantic.",ProcessedProductAttribute,string,optional_one,not_applicable,google_publication_or_submission,processed_publication_output,conditional_write_by_data_spec,provider_contextual,VariantComposition,variant_grouping_composition,publication_language_context_not_localization,provider_controlled_or_typed,domain,google_merchant,1,not_applicable,not_applicable,not_applicable,not_applicable,supported,PROVIDER_VERIFIED,"Single physical Google representation; cross-platform merge deferred."
google_merchant:attribute:itemgrouptitle,itemGroupTitle,"Google Merchant provider-local publication semantic.",ProcessedProductAttribute,string,optional_one,not_applicable,google_publication_or_submission,processed_publication_output,conditional_write_by_data_spec,provider_contextual,VariantComposition,variant_grouping_composition,publication_language_context_not_localization,provider_controlled_or_typed,domain,google_merchant,1,not_applicable,not_applicable,not_applicable,not_applicable,supported,PROVIDER_VERIFIED,"Single physical Google representation; cross-platform merge deferred."
google_merchant:attribute:latitude,latitude,"Google Merchant provider-local publication semantic.",ProcessedProductAttribute,decimal,optional_one,not_applicable,google_publication_or_submission,processed_publication_output,conditional_write_by_data_spec,provider_contextual,PropertyVertical,vertical_scoped_publication_attribute,publication_language_context_not_localization,provider_controlled_or_typed,category_candidate,google_merchant,1,not_applicable,not_applicable,not_applicable,queue:google_vertical_applicability,supported,DEFERRED_REVIEW,"Single physical Google representation; cross-platform merge deferred."
google_merchant:attribute:leaseterm,leaseTerm,"Google Merchant provider-local publication semantic.",ProcessedProductAttribute,structured,optional_one,not_applicable,google_publication_or_submission,processed_publication_output,conditional_write_by_data_spec,provider_contextual,PropertyVertical,vertical_scoped_publication_attribute,publication_language_context_not_localization,provider_controlled_or_typed,category_candidate,google_merchant,1,not_applicable,not_applicable,not_applicable,queue:google_vertical_applicability,supported,DEFERRED_REVIEW,"Single physical Google representation; cross-platform merge deferred."
google_merchant:attribute:lifestyleimagelinks,lifestyleImageLinks,"Google Merchant provider-local publication semantic.",ProcessedProductAttribute,list,optional_one,not_applicable,google_publication_or_submission,processed_publication_output,conditional_write_by_data_spec,provider_contextual,Media,publication_media_binding,publication_language_context_not_localization,provider_controlled_or_typed,domain,google_merchant,1,not_applicable,not_applicable,not_applicable,not_applicable,supported,PROVIDER_VERIFIED,"Single physical Google representation; cross-platform merge deferred."
google_merchant:attribute:link,link,"Google Merchant provider-local publication semantic.",ProcessedProductAttribute,string,optional_one,not_applicable,google_publication_or_submission,processed_publication_output,conditional_write_by_data_spec,provider_contextual,Connector,publication_governance_or_link,publication_language_context_not_localization,provider_controlled_or_typed,channel,google_merchant,1,not_applicable,not_applicable,not_applicable,queue:google_landing_url,supported,DEFERRED_REVIEW,"Single physical Google representation; cross-platform merge deferred."
google_merchant:attribute:linktemplate,linkTemplate,"Google Merchant provider-local publication semantic.",ProcessedProductAttribute,string,optional_one,not_applicable,google_publication_or_submission,processed_publication_output,conditional_write_by_data_spec,provider_contextual,Connector,publication_channel_control,publication_language_context_not_localization,provider_controlled_or_typed,channel,google_merchant,1,not_applicable,not_applicable,not_applicable,not_applicable,supported,PROVIDER_VERIFIED,"Single physical Google representation; cross-platform merge deferred."
google_merchant:attribute:longitude,longitude,"Google Merchant provider-local publication semantic.",ProcessedProductAttribute,decimal,optional_one,not_applicable,google_publication_or_submission,processed_publication_output,conditional_write_by_data_spec,provider_contextual,PropertyVertical,vertical_scoped_publication_attribute,publication_language_context_not_localization,provider_controlled_or_typed,category_candidate,google_merchant,1,not_applicable,not_applicable,not_applicable,queue:google_vertical_applicability,supported,DEFERRED_REVIEW,"Single physical Google representation; cross-platform merge deferred."
google_merchant:attribute:loyaltypoints,loyaltyPoints,"Google Merchant provider-local publication semantic.",ProcessedProductAttribute,structured,optional_one,not_applicable,google_publication_or_submission,processed_publication_output,conditional_write_by_data_spec,provider_contextual,Pricing,publication_commercial_binding,publication_language_context_not_localization,provider_controlled_or_typed,domain,google_merchant,1,not_applicable,not_applicable,not_applicable,not_applicable,supported,PROVIDER_VERIFIED,"Single physical Google representation; cross-platform merge deferred."
google_merchant:attribute:loyaltyprograms,loyaltyPrograms,"Google Merchant provider-local publication semantic.",ProcessedProductAttribute,list,optional_one,not_applicable,google_publication_or_submission,processed_publication_output,conditional_write_by_data_spec,provider_contextual,Pricing,publication_commercial_binding,publication_language_context_not_localization,provider_controlled_or_typed,domain,google_merchant,1,not_applicable,not_applicable,not_applicable,not_applicable,supported,PROVIDER_VERIFIED,"Single physical Google representation; cross-platform merge deferred."
google_merchant:attribute:material,material,"Google Merchant provider-local publication semantic.",ProcessedProductAttribute,string,optional_one,not_applicable,google_publication_or_submission,processed_publication_output,conditional_write_by_data_spec,provider_contextual,ProductData,processed_output_with_conditional_input_binding,publication_language_context_not_localization,provider_controlled_or_typed,reusable_candidate,google_merchant,1,not_applicable,not_applicable,not_applicable,not_applicable,supported,PROVIDER_VERIFIED,"Single physical Google representation; cross-platform merge deferred."
google_merchant:attribute:maxenergyefficiencyclass,maxEnergyEfficiencyClass,"Google Merchant provider-local publication semantic.",ProcessedProductAttribute,string,optional_one,not_applicable,google_publication_or_submission,processed_publication_output,conditional_write_by_data_spec,provider_contextual,Compliance,publication_compliance_evidence,publication_language_context_not_localization,provider_controlled_or_typed,domain,google_merchant,1,not_applicable,not_applicable,not_applicable,queue:google_compliance,supported,DEFERRED_REVIEW,"Single physical Google representation; cross-platform merge deferred."
google_merchant:attribute:maxhandlingtime,maxHandlingTime,"Google Merchant provider-local publication semantic.",ProcessedProductAttribute,string,optional_one,not_applicable,google_publication_or_submission,processed_publication_output,conditional_write_by_data_spec,provider_contextual,ShippingReturns,publication_shipping_returns_capability,publication_language_context_not_localization,provider_controlled_or_typed,domain,google_merchant,1,not_applicable,not_applicable,not_applicable,not_applicable,supported,PROVIDER_VERIFIED,"Single physical Google representation; cross-platform merge deferred."
google_merchant:attribute:maximumretailprice,maximumRetailPrice,"Google Merchant provider-local publication semantic.",ProcessedProductAttribute,structured,optional_one,not_applicable,google_publication_or_submission,processed_publication_output,conditional_write_by_data_spec,provider_contextual,Pricing,publication_commercial_binding,publication_language_context_not_localization,provider_controlled_or_typed,domain,google_merchant,1,not_applicable,not_applicable,not_applicable,not_applicable,supported,PROVIDER_VERIFIED,"Single physical Google representation; cross-platform merge deferred."
google_merchant:attribute:mileage,mileage,"Google Merchant provider-local publication semantic.",ProcessedProductAttribute,structured,optional_one,not_applicable,google_publication_or_submission,processed_publication_output,conditional_write_by_data_spec,provider_contextual,VehicleVertical,vertical_scoped_publication_attribute,publication_language_context_not_localization,provider_controlled_or_typed,category_candidate,google_merchant,1,not_applicable,not_applicable,not_applicable,queue:google_vertical_applicability,supported,DEFERRED_REVIEW,"Single physical Google representation; cross-platform merge deferred."
google_merchant:attribute:minenergyefficiencyclass,minEnergyEfficiencyClass,"Google Merchant provider-local publication semantic.",ProcessedProductAttribute,string,optional_one,not_applicable,google_publication_or_submission,processed_publication_output,conditional_write_by_data_spec,provider_contextual,Compliance,publication_compliance_evidence,publication_language_context_not_localization,provider_controlled_or_typed,domain,google_merchant,1,not_applicable,not_applicable,not_applicable,queue:google_compliance,supported,DEFERRED_REVIEW,"Single physical Google representation; cross-platform merge deferred."
google_merchant:attribute:minhandlingtime,minHandlingTime,"Google Merchant provider-local publication semantic.",ProcessedProductAttribute,string,optional_one,not_applicable,google_publication_or_submission,processed_publication_output,conditional_write_by_data_spec,provider_contextual,ShippingReturns,publication_shipping_returns_capability,publication_language_context_not_localization,provider_controlled_or_typed,domain,google_merchant,1,not_applicable,not_applicable,not_applicable,not_applicable,supported,PROVIDER_VERIFIED,"Single physical Google representation; cross-platform merge deferred."
google_merchant:attribute:minimumordervalues,minimumOrderValues,"Google Merchant provider-local publication semantic.",ProcessedProductAttribute,list,optional_one,not_applicable,google_publication_or_submission,processed_publication_output,conditional_write_by_data_spec,provider_contextual,Pricing,publication_commercial_binding,publication_language_context_not_localization,provider_controlled_or_typed,domain,google_merchant,1,not_applicable,not_applicable,not_applicable,not_applicable,supported,PROVIDER_VERIFIED,"Single physical Google representation; cross-platform merge deferred."
google_merchant:attribute:mobilelink,mobileLink,"Google Merchant provider-local publication semantic.",ProcessedProductAttribute,string,optional_one,not_applicable,google_publication_or_submission,processed_publication_output,conditional_write_by_data_spec,provider_contextual,Connector,publication_governance_or_link,publication_language_context_not_localization,provider_controlled_or_typed,channel,google_merchant,1,not_applicable,not_applicable,not_applicable,queue:google_landing_url,supported,DEFERRED_REVIEW,"Single physical Google representation; cross-platform merge deferred."
google_merchant:attribute:mobilelinktemplate,mobileLinkTemplate,"Google Merchant provider-local publication semantic.",ProcessedProductAttribute,string,optional_one,not_applicable,google_publication_or_submission,processed_publication_output,conditional_write_by_data_spec,provider_contextual,Connector,publication_channel_control,publication_language_context_not_localization,provider_controlled_or_typed,channel,google_merchant,1,not_applicable,not_applicable,not_applicable,not_applicable,supported,PROVIDER_VERIFIED,"Single physical Google representation; cross-platform merge deferred."
google_merchant:attribute:model,model,"Google Merchant provider-local publication semantic.",ProcessedProductAttribute,string,optional_one,not_applicable,google_publication_or_submission,processed_publication_output,conditional_write_by_data_spec,provider_contextual,VehicleVertical,vertical_scoped_publication_attribute,publication_language_context_not_localization,provider_controlled_or_typed,category_candidate,google_merchant,1,not_applicable,not_applicable,not_applicable,queue:google_vertical_applicability,supported,DEFERRED_REVIEW,"Single physical Google representation; cross-platform merge deferred."
google_merchant:attribute:mpn,mpn,"Google Merchant provider-local publication semantic.",ProcessedProductAttribute,string,optional_one,not_applicable,google_publication_or_submission,processed_publication_output,conditional_write_by_data_spec,provider_contextual,ProductData,processed_output_with_conditional_input_binding,publication_language_context_not_localization,provider_controlled_or_typed,reusable_candidate,google_merchant,1,not_applicable,not_applicable,not_applicable,not_applicable,supported,PROVIDER_VERIFIED,"Single physical Google representation; cross-platform merge deferred."
google_merchant:attribute:multipack,multipack,"Google Merchant provider-local publication semantic.",ProcessedProductAttribute,string,optional_one,not_applicable,google_publication_or_submission,processed_publication_output,conditional_write_by_data_spec,provider_contextual,ProductOrPackaging,identical_product_multipack_quantity_candidate,publication_language_context_not_localization,provider_controlled_or_typed,deferred,google_merchant,1,not_applicable,not_applicable,not_applicable,queue:google_multipack_ownership,supported,DEFERRED_REVIEW,"Single physical Google representation; cross-platform merge deferred."
google_merchant:attribute:neighborhood,neighborhood,"Google Merchant provider-local publication semantic.",ProcessedProductAttribute,string,optional_one,not_applicable,google_publication_or_submission,processed_publication_output,conditional_write_by_data_spec,provider_contextual,PropertyVertical,vertical_scoped_publication_attribute,publication_language_context_not_localization,provider_controlled_or_typed,category_candidate,google_merchant,1,not_applicable,not_applicable,not_applicable,queue:google_vertical_applicability,supported,DEFERRED_REVIEW,"Single physical Google representation; cross-platform merge deferred."
google_merchant:attribute:numberofbathrooms,numberOfBathrooms,"Google Merchant provider-local publication semantic.",ProcessedProductAttribute,decimal,optional_one,not_applicable,google_publication_or_submission,processed_publication_output,conditional_write_by_data_spec,provider_contextual,PropertyVertical,vertical_scoped_publication_attribute,publication_language_context_not_localization,provider_controlled_or_typed,category_candidate,google_merchant,1,not_applicable,not_applicable,not_applicable,queue:google_vertical_applicability,supported,DEFERRED_REVIEW,"Single physical Google representation; cross-platform merge deferred."
google_merchant:attribute:numberofbedrooms,numberOfBedrooms,"Google Merchant provider-local publication semantic.",ProcessedProductAttribute,decimal,optional_one,not_applicable,google_publication_or_submission,processed_publication_output,conditional_write_by_data_spec,provider_contextual,PropertyVertical,vertical_scoped_publication_attribute,publication_language_context_not_localization,provider_controlled_or_typed,category_candidate,google_merchant,1,not_applicable,not_applicable,not_applicable,queue:google_vertical_applicability,supported,DEFERRED_REVIEW,"Single physical Google representation; cross-platform merge deferred."
google_merchant:attribute:numberofunits,numberOfUnits,"Google Merchant provider-local publication semantic.",ProcessedProductAttribute,string,optional_one,not_applicable,google_publication_or_submission,processed_publication_output,conditional_write_by_data_spec,provider_contextual,PropertyVertical,vertical_scoped_publication_attribute,publication_language_context_not_localization,provider_controlled_or_typed,category_candidate,google_merchant,1,not_applicable,not_applicable,not_applicable,queue:google_vertical_applicability,supported,DEFERRED_REVIEW,"Single physical Google representation; cross-platform merge deferred."
google_merchant:attribute:pattern,pattern,"Google Merchant provider-local publication semantic.",ProcessedProductAttribute,string,optional_one,not_applicable,google_publication_or_submission,processed_publication_output,conditional_write_by_data_spec,provider_contextual,ProductData,processed_output_with_conditional_input_binding,publication_language_context_not_localization,provider_controlled_or_typed,reusable_candidate,google_merchant,1,not_applicable,not_applicable,not_applicable,not_applicable,supported,PROVIDER_VERIFIED,"Single physical Google representation; cross-platform merge deferred."
google_merchant:attribute:pause,pause,"Google Merchant provider-local publication semantic.",ProcessedProductAttribute,string,optional_one,not_applicable,google_publication_or_submission,processed_publication_output,conditional_write_by_data_spec,provider_contextual,Connector,publication_channel_control,publication_language_context_not_localization,provider_controlled_or_typed,channel,google_merchant,1,not_applicable,not_applicable,not_applicable,not_applicable,supported,PROVIDER_VERIFIED,"Single physical Google representation; cross-platform merge deferred."
google_merchant:attribute:petpolicy,petPolicy,"Google Merchant provider-local publication semantic.",ProcessedProductAttribute,structured,optional_one,not_applicable,google_publication_or_submission,processed_publication_output,conditional_write_by_data_spec,provider_contextual,PropertyVertical,vertical_scoped_publication_attribute,publication_language_context_not_localization,provider_controlled_or_typed,category_candidate,google_merchant,1,not_applicable,not_applicable,not_applicable,queue:google_vertical_applicability,supported,DEFERRED_REVIEW,"Single physical Google representation; cross-platform merge deferred."
google_merchant:attribute:pickupcost,pickupCost,"Google Merchant provider-local publication semantic.",ProcessedProductAttribute,structured,optional_one,not_applicable,google_publication_or_submission,processed_publication_output,conditional_write_by_data_spec,provider_contextual,ShippingReturns,publication_shipping_returns_capability,publication_language_context_not_localization,provider_controlled_or_typed,domain,google_merchant,1,not_applicable,not_applicable,not_applicable,not_applicable,supported,PROVIDER_VERIFIED,"Single physical Google representation; cross-platform merge deferred."
google_merchant:attribute:pickupmethod,pickupMethod,"Google Merchant provider-local publication semantic.",ProcessedProductAttribute,string,optional_one,not_applicable,google_publication_or_submission,processed_publication_output,conditional_write_by_data_spec,provider_contextual,ShippingReturns,publication_shipping_returns_capability,publication_language_context_not_localization,provider_controlled_or_typed,domain,google_merchant,1,not_applicable,not_applicable,not_applicable,not_applicable,supported,PROVIDER_VERIFIED,"Single physical Google representation; cross-platform merge deferred."
google_merchant:attribute:pickupsla,pickupSla,"Google Merchant provider-local publication semantic.",ProcessedProductAttribute,string,optional_one,not_applicable,google_publication_or_submission,processed_publication_output,conditional_write_by_data_spec,provider_contextual,ShippingReturns,publication_shipping_returns_capability,publication_language_context_not_localization,provider_controlled_or_typed,domain,google_merchant,1,not_applicable,not_applicable,not_applicable,not_applicable,supported,PROVIDER_VERIFIED,"Single physical Google representation; cross-platform merge deferred."
google_merchant:attribute:popularityrank,popularityRank,"Google Merchant provider-local publication semantic.",ProcessedProductAttribute,decimal,optional_one,not_applicable,google_publication_or_submission,processed_publication_output,conditional_write_by_data_spec,provider_contextual,ProductData,processed_output_with_conditional_input_binding,publication_language_context_not_localization,provider_controlled_or_typed,reusable_candidate,google_merchant,1,not_applicable,not_applicable,not_applicable,queue:google_processed_ownership,supported,DEFERRED_REVIEW,"Single physical Google representation; cross-platform merge deferred."
google_merchant:attribute:price,price,"Google Merchant provider-local publication semantic.",ProcessedProductAttribute,structured,optional_one,not_applicable,google_publication_or_submission,processed_publication_output,conditional_write_by_data_spec,provider_contextual,Pricing,publication_commercial_binding,publication_language_context_not_localization,provider_controlled_or_typed,domain,google_merchant,1,not_applicable,not_applicable,not_applicable,not_applicable,supported,PROVIDER_VERIFIED,"Single physical Google representation; cross-platform merge deferred."
google_merchant:attribute:productdetails,productDetails,"Google Merchant provider-local publication semantic.",ProcessedProductAttribute,list,optional_one,not_applicable,google_publication_or_submission,processed_publication_output,conditional_write_by_data_spec,provider_contextual,ProductData,processed_output_with_conditional_input_binding,publication_language_context_not_localization,provider_controlled_or_typed,reusable_candidate,google_merchant,1,not_applicable,not_applicable,not_applicable,not_applicable,supported,PROVIDER_VERIFIED,"Single physical Google representation; cross-platform merge deferred."
google_merchant:attribute:productfee,productFee,"Google Merchant provider-local publication semantic.",ProcessedProductAttribute,list,optional_one,not_applicable,google_publication_or_submission,processed_publication_output,conditional_write_by_data_spec,provider_contextual,Pricing,vertical_scoped_pricing_capability,publication_language_context_not_localization,provider_controlled_or_typed,domain,google_merchant,1,not_applicable,not_applicable,not_applicable,queue:google_vertical_applicability,supported,DEFERRED_REVIEW,"Single physical Google representation; cross-platform merge deferred."
google_merchant:attribute:productheight,productHeight,"Google Merchant provider-local publication semantic.",ProcessedProductAttribute,structured,optional_one,not_applicable,google_publication_or_submission,processed_publication_output,conditional_write_by_data_spec,provider_contextual,ProductData,processed_output_with_conditional_input_binding,publication_language_context_not_localization,provider_controlled_or_typed,reusable_candidate,google_merchant,1,not_applicable,not_applicable,not_applicable,not_applicable,supported,PROVIDER_VERIFIED,"Single physical Google representation; cross-platform merge deferred."
google_merchant:attribute:producthighlights,productHighlights,"Google Merchant provider-local publication semantic.",ProcessedProductAttribute,list,optional_one,not_applicable,google_publication_or_submission,processed_publication_output,conditional_write_by_data_spec,provider_contextual,ProductData,processed_output_with_conditional_input_binding,publication_language_context_not_localization,provider_controlled_or_typed,reusable_candidate,google_merchant,1,not_applicable,not_applicable,not_applicable,not_applicable,supported,PROVIDER_VERIFIED,"Single physical Google representation; cross-platform merge deferred."
google_merchant:attribute:productlength,productLength,"Google Merchant provider-local publication semantic.",ProcessedProductAttribute,structured,optional_one,not_applicable,google_publication_or_submission,processed_publication_output,conditional_write_by_data_spec,provider_contextual,ProductData,processed_output_with_conditional_input_binding,publication_language_context_not_localization,provider_controlled_or_typed,reusable_candidate,google_merchant,1,not_applicable,not_applicable,not_applicable,not_applicable,supported,PROVIDER_VERIFIED,"Single physical Google representation; cross-platform merge deferred."
google_merchant:attribute:producttypes,productTypes,"Google Merchant provider-local publication semantic.",ProcessedProductAttribute,list,optional_one,not_applicable,google_publication_or_submission,processed_publication_output,conditional_write_by_data_spec,provider_contextual,Connector,google_taxonomy_context,publication_language_context_not_localization,provider_controlled_or_typed,channel,google_merchant,1,not_applicable,not_applicable,not_applicable,queue:google_taxonomy,supported,DEFERRED_REVIEW,"Single physical Google representation; cross-platform merge deferred."
google_merchant:attribute:productweight,productWeight,"Google Merchant provider-local publication semantic.",ProcessedProductAttribute,structured,optional_one,not_applicable,google_publication_or_submission,processed_publication_output,conditional_write_by_data_spec,provider_contextual,ProductData,processed_output_with_conditional_input_binding,publication_language_context_not_localization,provider_controlled_or_typed,reusable_candidate,google_merchant,1,not_applicable,not_applicable,not_applicable,not_applicable,supported,PROVIDER_VERIFIED,"Single physical Google representation; cross-platform merge deferred."
google_merchant:attribute:productwidth,productWidth,"Google Merchant provider-local publication semantic.",ProcessedProductAttribute,structured,optional_one,not_applicable,google_publication_or_submission,processed_publication_output,conditional_write_by_data_spec,provider_contextual,ProductData,processed_output_with_conditional_input_binding,publication_language_context_not_localization,provider_controlled_or_typed,reusable_candidate,google_merchant,1,not_applicable,not_applicable,not_applicable,not_applicable,supported,PROVIDER_VERIFIED,"Single physical Google representation; cross-platform merge deferred."
google_merchant:attribute:promotionids,promotionIds,"Google Merchant provider-local publication semantic.",ProcessedProductAttribute,list,optional_one,not_applicable,google_publication_or_submission,processed_publication_output,conditional_write_by_data_spec,provider_contextual,Connector,publication_channel_control,publication_language_context_not_localization,provider_controlled_or_typed,channel,google_merchant,1,not_applicable,not_applicable,not_applicable,not_applicable,supported,PROVIDER_VERIFIED,"Single physical Google representation; cross-platform merge deferred."
google_merchant:attribute:propertyname,propertyName,"Google Merchant provider-local publication semantic.",ProcessedProductAttribute,string,optional_one,not_applicable,google_publication_or_submission,processed_publication_output,conditional_write_by_data_spec,provider_contextual,PropertyVertical,vertical_scoped_publication_attribute,publication_language_context_not_localization,provider_controlled_or_typed,category_candidate,google_merchant,1,not_applicable,not_applicable,not_applicable,queue:google_vertical_applicability,supported,DEFERRED_REVIEW,"Single physical Google representation; cross-platform merge deferred."
google_merchant:attribute:propertytype,propertyType,"Google Merchant provider-local publication semantic.",ProcessedProductAttribute,string,optional_one,not_applicable,google_publication_or_submission,processed_publication_output,conditional_write_by_data_spec,provider_contextual,PropertyVertical,vertical_scoped_publication_attribute,publication_language_context_not_localization,provider_controlled_or_typed,category_candidate,google_merchant,1,not_applicable,not_applicable,not_applicable,queue:google_vertical_applicability,supported,DEFERRED_REVIEW,"Single physical Google representation; cross-platform merge deferred."
google_merchant:attribute:questionsandanswers,questionsAndAnswers,"Google Merchant provider-local publication semantic.",ProcessedProductAttribute,list,optional_one,not_applicable,google_publication_or_submission,processed_publication_output,conditional_write_by_data_spec,provider_contextual,ProductData,processed_output_with_conditional_input_binding,publication_language_context_not_localization,provider_controlled_or_typed,reusable_candidate,google_merchant,1,not_applicable,not_applicable,not_applicable,queue:google_processed_ownership,supported,DEFERRED_REVIEW,"Single physical Google representation; cross-platform merge deferred."
google_merchant:attribute:relatedproducts,relatedProducts,"Google Merchant provider-local publication semantic.",ProcessedProductAttribute,list,optional_one,not_applicable,google_publication_or_submission,processed_publication_output,conditional_write_by_data_spec,provider_contextual,ProductAssociation,publication_relationship_capability,publication_language_context_not_localization,provider_controlled_or_typed,domain,google_merchant,1,not_applicable,not_applicable,not_applicable,not_applicable,supported,PROVIDER_VERIFIED,"Single physical Google representation; cross-platform merge deferred."
google_merchant:attribute:returnpolicylabel,returnPolicyLabel,"Google Merchant provider-local publication semantic.",ProcessedProductAttribute,string,optional_one,not_applicable,google_publication_or_submission,processed_publication_output,conditional_write_by_data_spec,provider_contextual,Connector,publication_channel_control,publication_language_context_not_localization,provider_controlled_or_typed,channel,google_merchant,1,not_applicable,not_applicable,not_applicable,not_applicable,supported,PROVIDER_VERIFIED,"Single physical Google representation; cross-platform merge deferred."
google_merchant:attribute:returns,returns,"Google Merchant provider-local publication semantic.",ProcessedProductAttribute,list,optional_one,not_applicable,google_publication_or_submission,processed_publication_output,conditional_write_by_data_spec,provider_contextual,ShippingReturns,publication_shipping_returns_capability,publication_language_context_not_localization,provider_controlled_or_typed,domain,google_merchant,1,not_applicable,not_applicable,not_applicable,not_applicable,supported,PROVIDER_VERIFIED,"Single physical Google representation; cross-platform merge deferred."
google_merchant:attribute:saleprice,salePrice,"Google Merchant provider-local publication semantic.",ProcessedProductAttribute,structured,optional_one,not_applicable,google_publication_or_submission,processed_publication_output,conditional_write_by_data_spec,provider_contextual,Pricing,publication_commercial_binding,publication_language_context_not_localization,provider_controlled_or_typed,domain,google_merchant,1,not_applicable,not_applicable,not_applicable,not_applicable,supported,PROVIDER_VERIFIED,"Single physical Google representation; cross-platform merge deferred."
google_merchant:attribute:salepriceeffectivedate,salePriceEffectiveDate,"Google Merchant provider-local publication semantic.",ProcessedProductAttribute,structured,optional_one,not_applicable,google_publication_or_submission,processed_publication_output,conditional_write_by_data_spec,provider_contextual,Pricing,publication_commercial_binding,publication_language_context_not_localization,provider_controlled_or_typed,domain,google_merchant,1,not_applicable,not_applicable,not_applicable,not_applicable,supported,PROVIDER_VERIFIED,"Single physical Google representation; cross-platform merge deferred."
google_merchant:attribute:sellongooglequantity,sellOnGoogleQuantity,"Google Merchant provider-local publication semantic.",ProcessedProductAttribute,string,optional_one,not_applicable,google_publication_or_submission,processed_publication_output,conditional_write_by_data_spec,provider_contextual,Connector,google_publication_quantity_control,publication_language_context_not_localization,provider_controlled_or_typed,channel,google_merchant,1,not_applicable,not_applicable,not_applicable,not_applicable,supported,PROVIDER_VERIFIED,"Single physical Google representation; cross-platform merge deferred."
google_merchant:attribute:shipping,shipping,"Google Merchant provider-local publication semantic.",ProcessedProductAttribute,list,optional_one,not_applicable,google_publication_or_submission,processed_publication_output,conditional_write_by_data_spec,provider_contextual,ShippingReturns,publication_shipping_returns_capability,publication_language_context_not_localization,provider_controlled_or_typed,domain,google_merchant,1,not_applicable,not_applicable,not_applicable,not_applicable,supported,PROVIDER_VERIFIED,"Single physical Google representation; cross-platform merge deferred."
google_merchant:attribute:shippinghandlingbusinessdays,shippingHandlingBusinessDays,"Google Merchant provider-local publication semantic.",ProcessedProductAttribute,list,optional_one,not_applicable,google_publication_or_submission,processed_publication_output,conditional_write_by_data_spec,provider_contextual,ShippingReturns,publication_shipping_returns_capability,publication_language_context_not_localization,provider_controlled_or_typed,domain,google_merchant,1,not_applicable,not_applicable,not_applicable,not_applicable,supported,PROVIDER_VERIFIED,"Single physical Google representation; cross-platform merge deferred."
google_merchant:attribute:shippingheight,shippingHeight,"Google Merchant provider-local publication semantic.",ProcessedProductAttribute,structured,optional_one,not_applicable,google_publication_or_submission,processed_publication_output,conditional_write_by_data_spec,provider_contextual,ShippingReturns,publication_shipping_returns_capability,publication_language_context_not_localization,provider_controlled_or_typed,domain,google_merchant,1,not_applicable,not_applicable,not_applicable,not_applicable,supported,PROVIDER_VERIFIED,"Single physical Google representation; cross-platform merge deferred."
google_merchant:attribute:shippinglabel,shippingLabel,"Google Merchant provider-local publication semantic.",ProcessedProductAttribute,string,optional_one,not_applicable,google_publication_or_submission,processed_publication_output,conditional_write_by_data_spec,provider_contextual,Connector,publication_channel_control,publication_language_context_not_localization,provider_controlled_or_typed,channel,google_merchant,1,not_applicable,not_applicable,not_applicable,not_applicable,supported,PROVIDER_VERIFIED,"Single physical Google representation; cross-platform merge deferred."
google_merchant:attribute:shippinglength,shippingLength,"Google Merchant provider-local publication semantic.",ProcessedProductAttribute,structured,optional_one,not_applicable,google_publication_or_submission,processed_publication_output,conditional_write_by_data_spec,provider_contextual,ShippingReturns,publication_shipping_returns_capability,publication_language_context_not_localization,provider_controlled_or_typed,domain,google_merchant,1,not_applicable,not_applicable,not_applicable,not_applicable,supported,PROVIDER_VERIFIED,"Single physical Google representation; cross-platform merge deferred."
google_merchant:attribute:shippingtransitbusinessdays,shippingTransitBusinessDays,"Google Merchant provider-local publication semantic.",ProcessedProductAttribute,list,optional_one,not_applicable,google_publication_or_submission,processed_publication_output,conditional_write_by_data_spec,provider_contextual,ShippingReturns,publication_shipping_returns_capability,publication_language_context_not_localization,provider_controlled_or_typed,domain,google_merchant,1,not_applicable,not_applicable,not_applicable,not_applicable,supported,PROVIDER_VERIFIED,"Single physical Google representation; cross-platform merge deferred."
google_merchant:attribute:shippingweight,shippingWeight,"Google Merchant provider-local publication semantic.",ProcessedProductAttribute,structured,optional_one,not_applicable,google_publication_or_submission,processed_publication_output,conditional_write_by_data_spec,provider_contextual,ShippingReturns,publication_shipping_returns_capability,publication_language_context_not_localization,provider_controlled_or_typed,domain,google_merchant,1,not_applicable,not_applicable,not_applicable,not_applicable,supported,PROVIDER_VERIFIED,"Single physical Google representation; cross-platform merge deferred."
google_merchant:attribute:shippingwidth,shippingWidth,"Google Merchant provider-local publication semantic.",ProcessedProductAttribute,structured,optional_one,not_applicable,google_publication_or_submission,processed_publication_output,conditional_write_by_data_spec,provider_contextual,ShippingReturns,publication_shipping_returns_capability,publication_language_context_not_localization,provider_controlled_or_typed,domain,google_merchant,1,not_applicable,not_applicable,not_applicable,not_applicable,supported,PROVIDER_VERIFIED,"Single physical Google representation; cross-platform merge deferred."
google_merchant:attribute:shoppingadsexcludedcountries,shoppingAdsExcludedCountries,"Google Merchant provider-local publication semantic.",ProcessedProductAttribute,list,optional_one,not_applicable,google_publication_or_submission,processed_publication_output,conditional_write_by_data_spec,provider_contextual,Connector,publication_channel_control,publication_language_context_not_localization,provider_controlled_or_typed,channel,google_merchant,1,not_applicable,not_applicable,not_applicable,not_applicable,supported,PROVIDER_VERIFIED,"Single physical Google representation; cross-platform merge deferred."
google_merchant:attribute:shorttitle,shortTitle,"Google Merchant provider-local publication semantic.",ProcessedProductAttribute,string,optional_one,not_applicable,google_publication_or_submission,processed_publication_output,conditional_write_by_data_spec,provider_contextual,FieldDefinitionOrContent,short_title_candidate,publication_language_context_not_localization,provider_controlled_or_typed,deferred,google_merchant,1,not_applicable,not_applicable,not_applicable,queue:google_short_title_ownership,supported,DEFERRED_REVIEW,"Single physical Google representation; cross-platform merge deferred."
google_merchant:attribute:size,size,"Google Merchant provider-local publication semantic.",ProcessedProductAttribute,string,optional_one,not_applicable,google_publication_or_submission,processed_publication_output,conditional_write_by_data_spec,provider_contextual,ProductData,processed_output_with_conditional_input_binding,publication_language_context_not_localization,provider_controlled_or_typed,reusable_candidate,google_merchant,1,not_applicable,not_applicable,not_applicable,not_applicable,supported,PROVIDER_VERIFIED,"Single physical Google representation; cross-platform merge deferred."
google_merchant:attribute:sizesystem,sizeSystem,"Google Merchant provider-local publication semantic.",ProcessedProductAttribute,string,optional_one,not_applicable,google_publication_or_submission,processed_publication_output,conditional_write_by_data_spec,provider_contextual,ProductData,processed_output_with_conditional_input_binding,publication_language_context_not_localization,provider_controlled_or_typed,reusable_candidate,google_merchant,1,not_applicable,not_applicable,not_applicable,not_applicable,supported,PROVIDER_VERIFIED,"Single physical Google representation; cross-platform merge deferred."
google_merchant:attribute:sizetypes,sizeTypes,"Google Merchant provider-local publication semantic.",ProcessedProductAttribute,list,optional_one,not_applicable,google_publication_or_submission,processed_publication_output,conditional_write_by_data_spec,provider_contextual,ProductData,processed_output_with_conditional_input_binding,publication_language_context_not_localization,provider_controlled_or_typed,reusable_candidate,google_merchant,1,not_applicable,not_applicable,not_applicable,not_applicable,supported,PROVIDER_VERIFIED,"Single physical Google representation; cross-platform merge deferred."
google_merchant:attribute:specialtyhousingtype,specialtyHousingType,"Google Merchant provider-local publication semantic.",ProcessedProductAttribute,string,optional_one,not_applicable,google_publication_or_submission,processed_publication_output,conditional_write_by_data_spec,provider_contextual,PropertyVertical,vertical_scoped_publication_attribute,publication_language_context_not_localization,provider_controlled_or_typed,category_candidate,google_merchant,1,not_applicable,not_applicable,not_applicable,queue:google_vertical_applicability,supported,DEFERRED_REVIEW,"Single physical Google representation; cross-platform merge deferred."
google_merchant:attribute:structureddescription,structuredDescription,"Google Merchant provider-local publication semantic.",ProcessedProductAttribute,structured,optional_one,not_applicable,google_publication_or_submission,processed_publication_output,conditional_write_by_data_spec,provider_contextual,ProductData,processed_output_with_conditional_input_binding,publication_language_context_not_localization,provider_controlled_or_typed,reusable_candidate,google_merchant,1,not_applicable,not_applicable,not_applicable,not_applicable,supported,PROVIDER_VERIFIED,"Single physical Google representation; cross-platform merge deferred."
google_merchant:attribute:structuredtitle,structuredTitle,"Google Merchant provider-local publication semantic.",ProcessedProductAttribute,structured,optional_one,not_applicable,google_publication_or_submission,processed_publication_output,conditional_write_by_data_spec,provider_contextual,ProductData,processed_output_with_conditional_input_binding,publication_language_context_not_localization,provider_controlled_or_typed,reusable_candidate,google_merchant,1,not_applicable,not_applicable,not_applicable,not_applicable,supported,PROVIDER_VERIFIED,"Single physical Google representation; cross-platform merge deferred."
google_merchant:attribute:subscriptioncost,subscriptionCost,"Google Merchant provider-local publication semantic.",ProcessedProductAttribute,structured,optional_one,not_applicable,google_publication_or_submission,processed_publication_output,conditional_write_by_data_spec,provider_contextual,Pricing,publication_commercial_binding,publication_language_context_not_localization,provider_controlled_or_typed,domain,google_merchant,1,not_applicable,not_applicable,not_applicable,not_applicable,supported,PROVIDER_VERIFIED,"Single physical Google representation; cross-platform merge deferred."
google_merchant:attribute:sustainabilityincentives,sustainabilityIncentives,"Google Merchant provider-local publication semantic.",ProcessedProductAttribute,list,optional_one,not_applicable,google_publication_or_submission,processed_publication_output,conditional_write_by_data_spec,provider_contextual,Compliance,sustainability_incentive_program_candidate,publication_language_context_not_localization,provider_controlled_or_typed,deferred,google_merchant,1,not_applicable,not_applicable,not_applicable,queue:google_sustainability_incentives,supported,DEFERRED_REVIEW,"Single physical Google representation; cross-platform merge deferred."
google_merchant:attribute:title,title,"Google Merchant provider-local publication semantic.",ProcessedProductAttribute,string,optional_one,not_applicable,google_publication_or_submission,processed_publication_output,conditional_write_by_data_spec,provider_contextual,ProductData,processed_output_with_conditional_input_binding,publication_language_context_not_localization,provider_controlled_or_typed,reusable_candidate,google_merchant,1,not_applicable,not_applicable,not_applicable,not_applicable,supported,PROVIDER_VERIFIED,"Single physical Google representation; cross-platform merge deferred."
google_merchant:attribute:transittimelabel,transitTimeLabel,"Google Merchant provider-local publication semantic.",ProcessedProductAttribute,string,optional_one,not_applicable,google_publication_or_submission,processed_publication_output,conditional_write_by_data_spec,provider_contextual,Connector,publication_channel_control,publication_language_context_not_localization,provider_controlled_or_typed,channel,google_merchant,1,not_applicable,not_applicable,not_applicable,not_applicable,supported,PROVIDER_VERIFIED,"Single physical Google representation; cross-platform merge deferred."
google_merchant:attribute:trim,trim,"Google Merchant provider-local publication semantic.",ProcessedProductAttribute,string,optional_one,not_applicable,google_publication_or_submission,processed_publication_output,conditional_write_by_data_spec,provider_contextual,VehicleVertical,vertical_scoped_publication_attribute,publication_language_context_not_localization,provider_controlled_or_typed,category_candidate,google_merchant,1,not_applicable,not_applicable,not_applicable,queue:google_vertical_applicability,supported,DEFERRED_REVIEW,"Single physical Google representation; cross-platform merge deferred."
google_merchant:attribute:unitarea,unitArea,"Google Merchant provider-local publication semantic.",ProcessedProductAttribute,structured,optional_one,not_applicable,google_publication_or_submission,processed_publication_output,conditional_write_by_data_spec,provider_contextual,PropertyVertical,vertical_scoped_publication_attribute,publication_language_context_not_localization,provider_controlled_or_typed,category_candidate,google_merchant,1,not_applicable,not_applicable,not_applicable,queue:google_vertical_applicability,supported,DEFERRED_REVIEW,"Single physical Google representation; cross-platform merge deferred."
google_merchant:attribute:unitpricingbasemeasure,unitPricingBaseMeasure,"Google Merchant provider-local publication semantic.",ProcessedProductAttribute,structured,optional_one,not_applicable,google_publication_or_submission,processed_publication_output,conditional_write_by_data_spec,provider_contextual,PricingOrCompliance,structured_unit_pricing_measure,publication_language_context_not_localization,provider_controlled_or_typed,deferred,google_merchant,1,not_applicable,not_applicable,not_applicable,queue:google_unit_pricing,supported,DEFERRED_REVIEW,"Single physical Google representation; cross-platform merge deferred."
google_merchant:attribute:unitpricingmeasure,unitPricingMeasure,"Google Merchant provider-local publication semantic.",ProcessedProductAttribute,structured,optional_one,not_applicable,google_publication_or_submission,processed_publication_output,conditional_write_by_data_spec,provider_contextual,PricingOrCompliance,structured_unit_pricing_measure,publication_language_context_not_localization,provider_controlled_or_typed,deferred,google_merchant,1,not_applicable,not_applicable,not_applicable,queue:google_unit_pricing,supported,DEFERRED_REVIEW,"Single physical Google representation; cross-platform merge deferred."
google_merchant:attribute:utilitiesincluded,utilitiesIncluded,"Google Merchant provider-local publication semantic.",ProcessedProductAttribute,list,optional_one,not_applicable,google_publication_or_submission,processed_publication_output,conditional_write_by_data_spec,provider_contextual,PropertyVertical,vertical_scoped_publication_attribute,publication_language_context_not_localization,provider_controlled_or_typed,category_candidate,google_merchant,1,not_applicable,not_applicable,not_applicable,queue:google_vertical_applicability,supported,DEFERRED_REVIEW,"Single physical Google representation; cross-platform merge deferred."
google_merchant:attribute:variantoptions,variantOptions,"Google Merchant provider-local publication semantic.",ProcessedProductAttribute,list,optional_one,not_applicable,google_publication_or_submission,processed_publication_output,conditional_write_by_data_spec,provider_contextual,VariantComposition,variant_grouping_composition,publication_language_context_not_localization,provider_controlled_or_typed,domain,google_merchant,1,not_applicable,not_applicable,not_applicable,not_applicable,supported,PROVIDER_VERIFIED,"Single physical Google representation; cross-platform merge deferred."
google_merchant:attribute:vehicleallinprice,vehicleAllInPrice,"Google Merchant provider-local publication semantic.",ProcessedProductAttribute,structured,optional_one,not_applicable,google_publication_or_submission,processed_publication_output,conditional_write_by_data_spec,provider_contextual,Pricing,vertical_scoped_pricing_capability,publication_language_context_not_localization,provider_controlled_or_typed,domain,google_merchant,1,not_applicable,not_applicable,not_applicable,queue:google_vertical_applicability,supported,DEFERRED_REVIEW,"Single physical Google representation; cross-platform merge deferred."
google_merchant:attribute:vehicleexpenses,vehicleExpenses,"Google Merchant provider-local publication semantic.",ProcessedProductAttribute,structured,optional_one,not_applicable,google_publication_or_submission,processed_publication_output,conditional_write_by_data_spec,provider_contextual,Pricing,vertical_scoped_pricing_capability,publication_language_context_not_localization,provider_controlled_or_typed,domain,google_merchant,1,not_applicable,not_applicable,not_applicable,queue:google_vertical_applicability,supported,DEFERRED_REVIEW,"Single physical Google representation; cross-platform merge deferred."
google_merchant:attribute:vehiclemandatoryinspectionincluded,vehicleMandatoryInspectionIncluded,"Google Merchant provider-local publication semantic.",ProcessedProductAttribute,boolean,optional_one,not_applicable,google_publication_or_submission,processed_publication_output,conditional_write_by_data_spec,provider_contextual,Compliance,vertical_compliance_candidate,publication_language_context_not_localization,provider_controlled_or_typed,deferred,google_merchant,1,not_applicable,not_applicable,not_applicable,queue:google_vertical_applicability|queue:google_compliance,supported,DEFERRED_REVIEW,"Single physical Google representation; cross-platform merge deferred."
google_merchant:attribute:vehiclemsrp,vehicleMsrp,"Google Merchant provider-local publication semantic.",ProcessedProductAttribute,structured,optional_one,not_applicable,google_publication_or_submission,processed_publication_output,conditional_write_by_data_spec,provider_contextual,Pricing,vertical_scoped_pricing_capability,publication_language_context_not_localization,provider_controlled_or_typed,domain,google_merchant,1,not_applicable,not_applicable,not_applicable,queue:google_vertical_applicability,supported,DEFERRED_REVIEW,"Single physical Google representation; cross-platform merge deferred."
google_merchant:attribute:vehiclepricetype,vehiclePriceType,"Google Merchant provider-local publication semantic.",ProcessedProductAttribute,string,optional_one,not_applicable,google_publication_or_submission,processed_publication_output,conditional_write_by_data_spec,provider_contextual,Pricing,vertical_scoped_pricing_capability,publication_language_context_not_localization,provider_controlled_or_typed,domain,google_merchant,1,not_applicable,not_applicable,not_applicable,queue:google_vertical_applicability,supported,DEFERRED_REVIEW,"Single physical Google representation; cross-platform merge deferred."
google_merchant:attribute:videolinks,videoLinks,"Google Merchant provider-local publication semantic.",ProcessedProductAttribute,list,optional_one,not_applicable,google_publication_or_submission,processed_publication_output,conditional_write_by_data_spec,provider_contextual,Media,publication_media_binding,publication_language_context_not_localization,provider_controlled_or_typed,domain,google_merchant,1,not_applicable,not_applicable,not_applicable,not_applicable,supported,PROVIDER_VERIFIED,"Single physical Google representation; cross-platform merge deferred."
google_merchant:attribute:vin,vin,"Google Merchant provider-local publication semantic.",ProcessedProductAttribute,string,optional_one,not_applicable,google_publication_or_submission,processed_publication_output,conditional_write_by_data_spec,provider_contextual,VehicleVertical,vertical_scoped_publication_attribute,publication_language_context_not_localization,provider_controlled_or_typed,category_candidate,google_merchant,1,not_applicable,not_applicable,not_applicable,queue:google_vertical_applicability,supported,DEFERRED_REVIEW,"Single physical Google representation; cross-platform merge deferred."
google_merchant:attribute:virtualmodellink,virtualModelLink,"Google Merchant provider-local publication semantic.",ProcessedProductAttribute,string,optional_one,not_applicable,google_publication_or_submission,processed_publication_output,conditional_write_by_data_spec,provider_contextual,Media,publication_media_binding,publication_language_context_not_localization,provider_controlled_or_typed,domain,google_merchant,1,not_applicable,not_applicable,not_applicable,not_applicable,supported,PROVIDER_VERIFIED,"Single physical Google representation; cross-platform merge deferred."
google_merchant:attribute:warranty,warranty,"Google Merchant provider-local publication semantic.",ProcessedProductAttribute,structured,optional_one,not_applicable,google_publication_or_submission,processed_publication_output,conditional_write_by_data_spec,provider_contextual,Compliance,vertical_compliance_candidate,publication_language_context_not_localization,provider_controlled_or_typed,deferred,google_merchant,1,not_applicable,not_applicable,not_applicable,queue:google_vertical_applicability|queue:google_compliance,supported,DEFERRED_REVIEW,"Single physical Google representation; cross-platform merge deferred."
google_merchant:attribute:year,year,"Google Merchant provider-local publication semantic.",ProcessedProductAttribute,string,optional_one,not_applicable,google_publication_or_submission,processed_publication_output,conditional_write_by_data_spec,provider_contextual,VehicleVertical,vertical_scoped_publication_attribute,publication_language_context_not_localization,provider_controlled_or_typed,category_candidate,google_merchant,1,not_applicable,not_applicable,not_applicable,queue:google_vertical_applicability,supported,DEFERRED_REVIEW,"Single physical Google representation; cross-platform merge deferred."
google_merchant:product_input:base64encodedname,base64EncodedName,"Google Merchant provider-local publication semantic.",ProductInput,string,optional_one,not_applicable,google_publication_or_submission,resource_projection,system_or_request_mechanic,provider_context,Connector,resource_locator_or_encoding,publication_language_context_not_localization,provider_controlled_or_typed,governance,google_merchant,1,not_applicable,not_applicable,not_applicable,not_applicable,supported,PROVIDER_VERIFIED,"Single physical Google representation; cross-platform merge deferred."
google_merchant:product_input:base64encodedproduct,base64EncodedProduct,"Google Merchant provider-local publication semantic.",ProductInput,string,optional_one,not_applicable,google_publication_or_submission,resource_projection,system_or_request_mechanic,provider_context,Connector,resource_locator_or_encoding,publication_language_context_not_localization,provider_controlled_or_typed,governance,google_merchant,1,not_applicable,not_applicable,not_applicable,not_applicable,supported,PROVIDER_VERIFIED,"Single physical Google representation; cross-platform merge deferred."
google_merchant:product_input:contentlanguage,contentLanguage,"Google Merchant provider-local publication semantic.",ProductInput,string,optional_one,not_applicable,google_publication_or_submission,product_input_context,request_context,provider_context,Connector,publication_context,publication_language_context_not_localization,provider_controlled_or_typed,channel,google_merchant,1,not_applicable,not_applicable,not_applicable,not_applicable,supported,PROVIDER_VERIFIED,"Single physical Google representation; cross-platform merge deferred."
google_merchant:product_input:customattributes,customAttributes,"Google Merchant provider-local publication semantic.",ProductInput,list,optional_one,not_applicable,google_publication_or_submission,product_input_container,submission_container,provider_context,Connector,submission_attribute_container,publication_language_context_not_localization,provider_controlled_or_typed,domain,google_merchant,1,not_applicable,not_applicable,not_applicable,not_applicable,supported,PROVIDER_VERIFIED,"Single physical Google representation; cross-platform merge deferred."
google_merchant:product_input:feedlabel,feedLabel,"Google Merchant provider-local publication semantic.",ProductInput,string,optional_one,not_applicable,google_publication_or_submission,product_input_context,request_context,provider_context,Connector,publication_context,publication_language_context_not_localization,provider_controlled_or_typed,channel,google_merchant,1,not_applicable,not_applicable,not_applicable,not_applicable,supported,PROVIDER_VERIFIED,"Single physical Google representation; cross-platform merge deferred."
google_merchant:product_input:legacylocal,legacyLocal,"Google Merchant provider-local publication semantic.",ProductInput,boolean,optional_one,not_applicable,google_publication_or_submission,product_input_context,request_context,provider_context,Connector,publication_context,publication_language_context_not_localization,provider_controlled_or_typed,channel,google_merchant,1,not_applicable,not_applicable,not_applicable,not_applicable,supported,PROVIDER_VERIFIED,"Single physical Google representation; cross-platform merge deferred."
google_merchant:product_input:name,name,"Google Merchant provider-local publication semantic.",ProductInput,string,optional_one,not_applicable,google_publication_or_submission,resource_projection,system_or_request_mechanic,provider_context,Connector,resource_locator_or_encoding,publication_language_context_not_localization,provider_controlled_or_typed,governance,google_merchant,1,not_applicable,not_applicable,not_applicable,not_applicable,supported,PROVIDER_VERIFIED,"Single physical Google representation; cross-platform merge deferred."
google_merchant:product_input:offerid,offerId,"Google Merchant provider-local publication semantic.",ProductInput,string,optional_one,not_applicable,google_publication_or_submission,product_input_resource,merchant_supplied,provider_context,Connector,merchant_offer_identity,publication_language_context_not_localization,provider_controlled_or_typed,governance,google_merchant,1,not_applicable,not_applicable,not_applicable,not_applicable,supported,PROVIDER_VERIFIED,"Single physical Google representation; cross-platform merge deferred."
google_merchant:product_input:product,product,"Google Merchant provider-local publication semantic.",ProductInput,string,optional_one,not_applicable,google_publication_or_submission,resource_projection,system_or_request_mechanic,provider_context,Connector,resource_locator_or_encoding,publication_language_context_not_localization,provider_controlled_or_typed,governance,google_merchant,1,not_applicable,not_applicable,not_applicable,not_applicable,supported,PROVIDER_VERIFIED,"Single physical Google representation; cross-platform merge deferred."
google_merchant:product_input:productattributes,productAttributes,"Google Merchant provider-local publication semantic.",ProductInput,structured,optional_one,not_applicable,google_publication_or_submission,product_input_container,submission_container,provider_context,Connector,submission_attribute_container,publication_language_context_not_localization,provider_controlled_or_typed,domain,google_merchant,1,not_applicable,not_applicable,not_applicable,not_applicable,supported,PROVIDER_VERIFIED,"Single physical Google representation; cross-platform merge deferred."
google_merchant:product_input:versionnumber,versionNumber,"Google Merchant provider-local publication semantic.",ProductInput,string,optional_one,not_applicable,google_publication_or_submission,resource_projection,conditional_insert_update,provider_context,Connector,concurrency_version,publication_language_context_not_localization,provider_controlled_or_typed,governance,google_merchant,1,not_applicable,not_applicable,not_applicable,not_applicable,supported,PROVIDER_VERIFIED,"Single physical Google representation; cross-platform merge deferred."
