object_family,external_field,type_or_ref,classification,read_semantics,write_semantics,required_in,schema_evidence,description,openapi_version,verified_at,source_url
product,availability,ref:#/components/schemas/ProductBasePostAvailability,inventory_availability_domain,READ,WRITE,none,product_Base_POST|product_Put|product_Full,"Availability of the product. (Corresponds to the productʼs [Purchasability](https://support.bigcommerce.com/s/article/Adding-Products-v3?language=en_US#sections) section in the control panel.) Supported values: `available` - the product is available for purchase; `disabled` - the product is listed on the storefront, but cannot be purchased; `preorder` - the product is listed for pre-orders.",3.1.0,2026-09-07,https://docs.bigcommerce.com/openapi/admin-catalog-products.json
product,availability_description,string,inventory_availability_domain,READ,WRITE,none,product_Base_POST|product_Put|product_Full,"Availability text displayed on the checkout page, under the product title. Tells the customer how long it will normally take to ship this product, such as: 'Usually ships in 24 hours.'",3.1.0,2026-09-07,https://docs.bigcommerce.com/openapi/admin-catalog-products.json
product,base_variant_id,integer,external_system_identity,READ,read_only_or_specialized_endpoint,none,product_Full,The unique identifier of the base variant associated with a simple product. This value is `null` for complex products.,3.1.0,2026-09-07,https://docs.bigcommerce.com/openapi/admin-catalog-products.json
product,bin_picking_number,string,semantic_product_field,READ,WRITE,none,product_Base_POST|product_Put|product_Full,The BIN picking number for the product.,3.1.0,2026-09-07,https://docs.bigcommerce.com/openapi/admin-catalog-products.json
product,brand_id,integer,channel_or_storefront_context,READ,WRITE,none,product_Base_POST|product_Put|product_Full,You can add a product to an existing brand during a product /PUT or /POST. Use either the `brand_id` or the `brand_name` field. The response body can include `brand_id`.,3.1.0,2026-09-07,https://docs.bigcommerce.com/openapi/admin-catalog-products.json
product,brand_name,string,semantic_product_field,not_proven_by_selected_schema,WRITE,none,product_Base_POST|product_Put,"You can create the brand during a product PUT or POST request. If the brand already exists, the product /PUT or /POST request adds the product to the brand. If not, the product /PUT or /POST request creates the brand and then adds the product to the brand. Brand name is not case-sensitive; ""Common Good"" and ""Common good"" are the same. Use either the `brand_id` or the `brand_name` field. The response body does not include `brand_name`.",3.1.0,2026-09-07,https://docs.bigcommerce.com/openapi/admin-catalog-products.json
product,bulk_pricing_rules,array[#/components/schemas/ProductBasePostBulkPricingRulesItems],pricing_domain,READ,WRITE,none,product_Base_POST|product_Put|product_Full,,3.1.0,2026-09-07,https://docs.bigcommerce.com/openapi/admin-catalog-products.json
product,calculated_price,string,computed_projection,READ,read_only_or_specialized_endpoint,none,product_Full,"The calculated_price is derived from the default price and sale price of the product. It is equal to the sale price if set or the default price if there is not a sale price present. Depending on your store settings and customer group, or channel-specific pricing, this value may or may not be equal to the price seen on the storefront.",3.1.0,2026-09-07,https://docs.bigcommerce.com/openapi/admin-catalog-products.json
product,categories,array[number],relation_or_structured_capability,READ,WRITE,none,product_Base_POST|product_Put|product_Full,"An array of IDs for the categories to which this product belongs. You will overwrite all product categories when updating a product and supplying an array of categories. The limit is 1,000 ID values. When you enable the catalog V2 product experience in the control panel, you must include the categories array in the request body.",3.1.0,2026-09-07,https://docs.bigcommerce.com/openapi/admin-catalog-products.json
product,condition,ref:#/components/schemas/ProductBasePostCondition,semantic_product_field,READ,WRITE,none,product_Base_POST|product_Put|product_Full,"The product condition. Will be shown on the product page if the `is_condition_shown` fieldʼs value is `true`. Possible values: `New`, `Used`, `Refurbished`.",3.1.0,2026-09-07,https://docs.bigcommerce.com/openapi/admin-catalog-products.json
product,cost_price,string,pricing_domain,READ,WRITE,none,product_Base_POST|product_Put|product_Full,The cost price of the product. Stored for reference only; it is not used or displayed anywhere on the store.,3.1.0,2026-09-07,https://docs.bigcommerce.com/openapi/admin-catalog-products.json
product,custom_fields,array[#/components/schemas/productCustomField_Put],relation_or_structured_capability,READ,WRITE,none,product_Base_POST|product_Put|product_Full,200 maximum custom fields per product. 255 maximum characters per custom field.,3.1.0,2026-09-07,https://docs.bigcommerce.com/openapi/admin-catalog-products.json
product,custom_url,ref:#/components/schemas/customUrl_Full,semantic_product_field,READ,WRITE,none,product_Base_POST|product_Put|product_Full,,3.1.0,2026-09-07,https://docs.bigcommerce.com/openapi/admin-catalog-products.json
product,date_created,string,derived_or_external_metadata,READ,read_only_or_specialized_endpoint,none,product_Full,The date on which the product was created.,3.1.0,2026-09-07,https://docs.bigcommerce.com/openapi/admin-catalog-products.json
product,date_last_imported,string,derived_or_external_metadata,READ,WRITE,none,product_Base_POST|product_Put|product_Full,the date when the Product had been imported,3.1.0,2026-09-07,https://docs.bigcommerce.com/openapi/admin-catalog-products.json
product,date_modified,string,derived_or_external_metadata,READ,read_only_or_specialized_endpoint,none,product_Full,"The date on which the product was last modified. This value changes when the product record itself changes, for example when you update a product using the Catalog API or edit the product in the control panel. Changes to fields such as the product's name, description, pricing, categories, custom fields, images, options, modifiers, and variants update this value. Inventory is a separate entity from the product, so a stock change does not always update `date_modified`. Inventory updates that the [Inventory API](/developer/docs/admin/catalog-and-inventory/inventory-adjustments) processes, including stock edits made from the control panel **Products** list, leave `date_modified` unchanged. Inventory updates that the Catalog API processes, such as a `PUT` request that sets `inventory_level`, update it. To track when a product or its stock changes, use the `store/product/updated` and `store/product/inventory/updated` [webhooks](/developer/docs/integrations/webhooks/event-reference/events#products) rather than polling `date_modified`.",3.1.0,2026-09-07,https://docs.bigcommerce.com/openapi/admin-catalog-products.json
product,depth,string,semantic_product_field,READ,WRITE,none,product_Base_POST|product_Put|product_Full,"Depth of the product, which can be used when calculating shipping costs.",3.1.0,2026-09-07,https://docs.bigcommerce.com/openapi/admin-catalog-products.json
product,description,string,semantic_product_field,READ,WRITE,none,product_Base_POST|product_Put|product_Full,"The product description, which can include HTML formatting.",3.1.0,2026-09-07,https://docs.bigcommerce.com/openapi/admin-catalog-products.json
product,fixed_cost_shipping_price,string,pricing_domain,READ,WRITE,none,product_Base_POST|product_Put|product_Full,"A fixed shipping cost for the product. If defined, this value will be used during checkout instead of normal shipping-cost calculation.",3.1.0,2026-09-07,https://docs.bigcommerce.com/openapi/admin-catalog-products.json
product,gift_wrapping_options_list,array[integer],channel_or_storefront_context,READ,WRITE,none,product_Base_POST|product_Put|product_Full,A list of gift-wrapping option IDs. Always included in the response body; not applicable for the `include_fields` and `exclude_fields` query parameters.,3.1.0,2026-09-07,https://docs.bigcommerce.com/openapi/admin-catalog-products.json
product,gift_wrapping_options_type,ref:#/components/schemas/ProductBasePostGiftWrappingOptionsType,channel_or_storefront_context,READ,WRITE,none,product_Base_POST|product_Put|product_Full,Type of gift-wrapping options. Values: `any` - allow any gift-wrapping options in the store; `none` - disallow gift-wrapping on the product; `list` – provide a list of IDs in the `gift_wrapping_options_list` field. Always included in the response body; not applicable for the `include_fields` and `exclude_fields` query parameters.,3.1.0,2026-09-07,https://docs.bigcommerce.com/openapi/admin-catalog-products.json
product,gtin,string,semantic_product_field,READ,WRITE,none,product_Base_POST|product_Put|product_Full,Global Trade Item Number,3.1.0,2026-09-07,https://docs.bigcommerce.com/openapi/admin-catalog-products.json
product,height,string,semantic_product_field,READ,WRITE,none,product_Base_POST|product_Put|product_Full,"Height of the product, which can be used when calculating shipping costs.",3.1.0,2026-09-07,https://docs.bigcommerce.com/openapi/admin-catalog-products.json
product,id,integer,external_system_identity,READ,read_only_or_specialized_endpoint,none,product_Full,ID of the product. Read-Only.,3.1.0,2026-09-07,https://docs.bigcommerce.com/openapi/admin-catalog-products.json
product,images,array[#/components/schemas/productImage_Full],media_domain,READ,WRITE,none,product_Base_POST|product_Put|product_Full,,3.1.0,2026-09-07,https://docs.bigcommerce.com/openapi/admin-catalog-products.json
product,inventory_level,integer,inventory_availability_domain,READ,WRITE,none,product_Base_POST|product_Put|product_Full,"Current inventory level of the product. You must track inventory by _product_ for this to take effect (see the `inventory_tracking` field). The Catalog API returns the inventory for only the default location. The inventory for a product cannot exceed 2,147,483,647 in the catalog. If you exceed the limit, the store sets the inventory level to the limit. The Catalog API handles limits in a different way than the Inventory API. For more information, see [Limit handling](/developer/docs/admin/catalog-and-inventory/inventory-adjustments#limit-handling-in-inventory-versus-catalog-api).",3.1.0,2026-09-07,https://docs.bigcommerce.com/openapi/admin-catalog-products.json
product,inventory_tracking,ref:#/components/schemas/ProductBasePostInventoryTracking,inventory_availability_domain,READ,WRITE,none,product_Base_POST|product_Put|product_Full,"The type of inventory tracking for the product. Values are: `none` - inventory levels will not be tracked; `product` - inventory levels will be tracked using the `inventory_level` and `inventory_warning_level` fields; `variant` - inventory levels will be tracked based on variants, which maintain their own warning levels and inventory levels.",3.1.0,2026-09-07,https://docs.bigcommerce.com/openapi/admin-catalog-products.json
product,inventory_warning_level,integer,inventory_availability_domain,READ,WRITE,none,product_Base_POST|product_Put|product_Full,"Inventory warning level for the product. When the productʼs inventory level drops below the warning level, the store owner will be informed. Simple inventory tracking must be enabled (see the `inventory_tracking` field) for this to take any effect.",3.1.0,2026-09-07,https://docs.bigcommerce.com/openapi/admin-catalog-products.json
product,is_condition_shown,boolean,channel_or_storefront_context,READ,WRITE,none,product_Base_POST|product_Put|product_Full,Flag used to determine whether the product condition is shown to the customer on the product page.,3.1.0,2026-09-07,https://docs.bigcommerce.com/openapi/admin-catalog-products.json
product,is_featured,boolean,channel_or_storefront_context,READ,WRITE,none,product_Base_POST|product_Put|product_Full,Flag to determine whether the product should be included in the `featured products` panel when viewing the store.,3.1.0,2026-09-07,https://docs.bigcommerce.com/openapi/admin-catalog-products.json
product,is_free_shipping,boolean,semantic_product_field,READ,WRITE,none,product_Base_POST|product_Put|product_Full,"Flag used to indicate whether the product has free shipping. If `true`, the shipping cost for the product will be zero.",3.1.0,2026-09-07,https://docs.bigcommerce.com/openapi/admin-catalog-products.json
product,is_preorder_only,boolean,semantic_product_field,READ,WRITE,none,product_Base_POST|product_Put|product_Full,"If set to true then on the preorder release date the preorder status will automatically be removed. If set to false, then on the release date the preorder status **will not** be removed. It will need to be changed manually either in the control panel or using the API. Using the API set `availability` to `available`.",3.1.0,2026-09-07,https://docs.bigcommerce.com/openapi/admin-catalog-products.json
product,is_price_hidden,boolean,channel_or_storefront_context,READ,WRITE,none,product_Base_POST|product_Put|product_Full,"False by default, indicating that this productʼs price should be shown on the product page. If set to `true`, the price is hidden. (NOTE: To successfully set `is_price_hidden` to `true`, the `availability` value must be `disabled`.)",3.1.0,2026-09-07,https://docs.bigcommerce.com/openapi/admin-catalog-products.json
product,is_visible,boolean,channel_or_storefront_context,READ,WRITE,none,product_Base_POST|product_Put|product_Full,"Flag to determine whether the product should be displayed to customers browsing the store. If `true`, the product will be displayed. If `false`, the product will be hidden from view.",3.1.0,2026-09-07,https://docs.bigcommerce.com/openapi/admin-catalog-products.json
product,layout_file,string,channel_or_storefront_context,READ,WRITE,none,product_Base_POST|product_Put|product_Full,"The layout template file used to render this product. This field is writable only for stores with a Blueprint theme applied, and its value must be a template file from the store's Blueprint theme. For stores with a Stencil theme applied, custom templates are managed through [Custom Template Associations](/developer/api-reference/rest/admin/content/custom-template-associations).",3.1.0,2026-09-07,https://docs.bigcommerce.com/openapi/admin-catalog-products.json
product,map_price,number,pricing_domain,READ,WRITE,none,product_Base_POST|product_Put|product_Full,Minimum Advertised Price,3.1.0,2026-09-07,https://docs.bigcommerce.com/openapi/admin-catalog-products.json
product,meta_description,string,semantic_product_field,READ,WRITE,none,product_Base_POST|product_Put|product_Full,"Custom meta description for the product page. If not defined, the storeʼs default meta description will be used.",3.1.0,2026-09-07,https://docs.bigcommerce.com/openapi/admin-catalog-products.json
product,meta_keywords,array[string],semantic_product_field,READ,WRITE,none,product_Base_POST|product_Put|product_Full,"Custom meta keywords for the product page. If not defined, the storeʼs default keywords will be used.",3.1.0,2026-09-07,https://docs.bigcommerce.com/openapi/admin-catalog-products.json
product,modifiers,array[#/components/schemas/productModifier_Full],relation_or_structured_capability,READ,read_only_or_specialized_endpoint,none,product_Full,,3.1.0,2026-09-07,https://docs.bigcommerce.com/openapi/admin-catalog-products.json
product,mpn,string,semantic_product_field,READ,WRITE,none,product_Base_POST|product_Put|product_Full,Manufacturer Part Number,3.1.0,2026-09-07,https://docs.bigcommerce.com/openapi/admin-catalog-products.json
product,name,string,semantic_product_field,READ,WRITE,product_Base_POST,product_Base_POST|product_Put|product_Full,A unique product name.,3.1.0,2026-09-07,https://docs.bigcommerce.com/openapi/admin-catalog-products.json
product,open_graph_description,string,channel_or_storefront_context,READ,WRITE,none,product_Base_POST|product_Put|product_Full,"Description to use for the product, if not specified then the meta_description will be used instead.",3.1.0,2026-09-07,https://docs.bigcommerce.com/openapi/admin-catalog-products.json
product,open_graph_title,string,channel_or_storefront_context,READ,WRITE,none,product_Base_POST|product_Put|product_Full,"Title of the product, if not specified the product name will be used instead.",3.1.0,2026-09-07,https://docs.bigcommerce.com/openapi/admin-catalog-products.json
product,open_graph_type,ref:#/components/schemas/ProductBasePostOpenGraphType,channel_or_storefront_context,READ,WRITE,none,product_Base_POST|product_Put|product_Full,"Type of product, defaults to `product`.",3.1.0,2026-09-07,https://docs.bigcommerce.com/openapi/admin-catalog-products.json
product,open_graph_use_image,boolean,channel_or_storefront_context,READ,WRITE,none,product_Base_POST|product_Put|product_Full,Flag to determine if product image or open graph image is used.,3.1.0,2026-09-07,https://docs.bigcommerce.com/openapi/admin-catalog-products.json
product,open_graph_use_meta_description,boolean,channel_or_storefront_context,READ,WRITE,none,product_Base_POST|product_Put|product_Full,Flag to determine if product description or open graph description is used.,3.1.0,2026-09-07,https://docs.bigcommerce.com/openapi/admin-catalog-products.json
product,open_graph_use_product_name,boolean,channel_or_storefront_context,READ,WRITE,none,product_Base_POST|product_Put|product_Full,Flag to determine if product name or open graph name is used.,3.1.0,2026-09-07,https://docs.bigcommerce.com/openapi/admin-catalog-products.json
product,option_set_display,string,channel_or_storefront_context,READ,read_only_or_specialized_endpoint,none,product_Full,Legacy template setting which controls if the option set shows up to the side of or below the product image and description.,3.1.0,2026-09-07,https://docs.bigcommerce.com/openapi/admin-catalog-products.json
product,option_set_id,integer,channel_or_storefront_context,READ,read_only_or_specialized_endpoint,none,product_Full,Indicates that the product is in an Option Set (legacy V2 concept).,3.1.0,2026-09-07,https://docs.bigcommerce.com/openapi/admin-catalog-products.json
product,options,array[#/components/schemas/productOption_Base],relation_or_structured_capability,READ,read_only_or_specialized_endpoint,none,product_Full,,3.1.0,2026-09-07,https://docs.bigcommerce.com/openapi/admin-catalog-products.json
product,order_quantity_maximum,integer,semantic_product_field,READ,WRITE,none,product_Base_POST|product_Put|product_Full,The maximum quantity an order can contain when purchasing the product.,3.1.0,2026-09-07,https://docs.bigcommerce.com/openapi/admin-catalog-products.json
product,order_quantity_minimum,integer,semantic_product_field,READ,WRITE,none,product_Base_POST|product_Put|product_Full,"The minimum quantity an order must contain, to be eligible to purchase this product.",3.1.0,2026-09-07,https://docs.bigcommerce.com/openapi/admin-catalog-products.json
product,page_title,string,semantic_product_field,READ,WRITE,none,product_Base_POST|product_Put|product_Full,"Custom title for the product page. If not defined, the product name will be used as the meta title.",3.1.0,2026-09-07,https://docs.bigcommerce.com/openapi/admin-catalog-products.json
product,preorder_message,string,semantic_product_field,READ,WRITE,none,product_Base_POST|product_Put|product_Full,"Custom expected-date message to display on the product page. If undefined, the message defaults to the storewide setting. Can contain the `%%DATE%%` placeholder, which will be substituted for the release date.",3.1.0,2026-09-07,https://docs.bigcommerce.com/openapi/admin-catalog-products.json
product,preorder_release_date,"['string', 'null']",semantic_product_field,READ,WRITE,none,product_Base_POST|product_Put|product_Full,Pre-order release date. See the `availability` field for details on setting a productʼs availability to accept pre-orders.,3.1.0,2026-09-07,https://docs.bigcommerce.com/openapi/admin-catalog-products.json
product,price,string,pricing_domain,READ,WRITE,product_Base_POST,product_Base_POST|product_Put|product_Full,"The price of the product. The price should include or exclude tax, based on the store settings.",3.1.0,2026-09-07,https://docs.bigcommerce.com/openapi/admin-catalog-products.json
product,price_hidden_label,string,channel_or_storefront_context,READ,WRITE,none,product_Base_POST|product_Put|product_Full,"By default, an empty string. If `is_price_hidden` is `true`, the value of `price_hidden_label` is displayed instead of the price. (NOTE: To successfully set a non-empty string value with `is_price_hidden` set to `true`, the `availability` value must be `disabled`.)",3.1.0,2026-09-07,https://docs.bigcommerce.com/openapi/admin-catalog-products.json
product,primary_image,ref:#/components/schemas/primaryImage_Full,media_domain,READ,read_only_or_specialized_endpoint,none,product_Full,,3.1.0,2026-09-07,https://docs.bigcommerce.com/openapi/admin-catalog-products.json
product,product_tax_code,string,channel_or_storefront_context,READ,WRITE,none,product_Base_POST|product_Put|product_Full,"Tax Codes, such as AvaTax System Tax Codes, identify products and services that fall into special sales-tax categories. By using these codes, merchants who subscribe to a tax provider integration, such as BigCommerceʼs Avalara Premium, can calculate sales taxes more accurately. Stores without a tax provider will ignore the code when calculating sales tax. Do not pass more than one code. The codes are case-sensitive. For details, please see the tax providerʼs documentation.",3.1.0,2026-09-07,https://docs.bigcommerce.com/openapi/admin-catalog-products.json
product,related_products,array[integer],relation_or_structured_capability,READ,WRITE,none,product_Base_POST|product_Put|product_Full,An array of IDs for the related products.,3.1.0,2026-09-07,https://docs.bigcommerce.com/openapi/admin-catalog-products.json
product,retail_price,string,pricing_domain,READ,WRITE,none,product_Base_POST|product_Put|product_Full,"The retail cost of the product. If entered, the retail cost price will be shown on the product page.",3.1.0,2026-09-07,https://docs.bigcommerce.com/openapi/admin-catalog-products.json
product,reviews_count,integer,derived_or_external_metadata,READ,WRITE,none,product_Base_POST|product_Put|product_Full,The number of times the product has been rated.,3.1.0,2026-09-07,https://docs.bigcommerce.com/openapi/admin-catalog-products.json
product,reviews_rating_sum,integer,derived_or_external_metadata,READ,WRITE,none,product_Base_POST|product_Put|product_Full,The total (cumulative) rating for the product.,3.1.0,2026-09-07,https://docs.bigcommerce.com/openapi/admin-catalog-products.json
product,sale_price,string,pricing_domain,READ,WRITE,none,product_Base_POST|product_Put|product_Full,"If entered, the sale price will be used instead of value in the price field when calculating the productʼs cost.",3.1.0,2026-09-07,https://docs.bigcommerce.com/openapi/admin-catalog-products.json
product,search_keywords,string,semantic_product_field,READ,WRITE,none,product_Base_POST|product_Put|product_Full,A comma-separated list of keywords that can be used to locate the product when searching the store.,3.1.0,2026-09-07,https://docs.bigcommerce.com/openapi/admin-catalog-products.json
product,sku,string,semantic_product_field,READ,WRITE,none,product_Base_POST|product_Put|product_Full,A unique user-defined alphanumeric product code/stock keeping unit (SKU). The SKU is always unique regardless of the letter case for both products and variants.,3.1.0,2026-09-07,https://docs.bigcommerce.com/openapi/admin-catalog-products.json
product,sort_order,integer,channel_or_storefront_context,READ,WRITE,none,product_Base_POST|product_Put|product_Full,Priority to give this product when included in product lists on category pages and in search results. Lower integers will place the product closer to the top of the results.,3.1.0,2026-09-07,https://docs.bigcommerce.com/openapi/admin-catalog-products.json
product,tax_class_id,number,channel_or_storefront_context,READ,WRITE,none,product_Base_POST|product_Put|product_Full,The ID of the tax class applied to the product. (NOTE: Value ignored if automatic tax is enabled.),3.1.0,2026-09-07,https://docs.bigcommerce.com/openapi/admin-catalog-products.json
product,total_sold,integer,derived_or_external_metadata,READ,WRITE,none,product_Base_POST|product_Put|product_Full,The total quantity of this product sold.,3.1.0,2026-09-07,https://docs.bigcommerce.com/openapi/admin-catalog-products.json
product,type,ref:#/components/schemas/ProductBasePostType,channel_or_storefront_context,READ,WRITE,product_Base_POST,product_Base_POST|product_Put|product_Full,"The product type. One of: `physical` - a physical stock unit, `digital` - a digital download.",3.1.0,2026-09-07,https://docs.bigcommerce.com/openapi/admin-catalog-products.json
product,upc,string,semantic_product_field,READ,WRITE,none,product_Base_POST|product_Put|product_Full,"The product UPC code, which is used in feeds for shopping comparison sites and external channel integrations.",3.1.0,2026-09-07,https://docs.bigcommerce.com/openapi/admin-catalog-products.json
product,variants,array[#/components/schemas/productVariant_Full],relation_or_structured_capability,not_proven_by_selected_schema,WRITE,none,product_Base_POST,,3.1.0,2026-09-07,https://docs.bigcommerce.com/openapi/admin-catalog-products.json
product,videos,array[#/components/schemas/productVideo_Full],media_domain,READ,WRITE,none,product_Base_POST|product_Put|product_Full,"The Catalog API integrates with third-party YouTube. The [YouTube Terms of Service](https://www.youtube.com/t/terms) and [Google Privacy Policy](https://policies.google.com/privacy) apply, as indicated in our [Privacy Policy](https://www.bigcommerce.com/privacy/) and [Terms of Service](https://www.bigcommerce.com/terms/).",3.1.0,2026-09-07,https://docs.bigcommerce.com/openapi/admin-catalog-products.json
product,view_count,integer,derived_or_external_metadata,READ,WRITE,none,product_Base_POST|product_Put|product_Full,The number of times the product has been viewed.,3.1.0,2026-09-07,https://docs.bigcommerce.com/openapi/admin-catalog-products.json
product,warranty,string,semantic_product_field,READ,WRITE,none,product_Base_POST|product_Put|product_Full,Warranty information displayed on the product page. Can include HTML formatting.,3.1.0,2026-09-07,https://docs.bigcommerce.com/openapi/admin-catalog-products.json
product,weight,string,semantic_product_field,READ,WRITE,product_Base_POST,product_Base_POST|product_Put|product_Full,"Weight of the product, which can be used when calculating shipping costs. This is based on the unit set on the store",3.1.0,2026-09-07,https://docs.bigcommerce.com/openapi/admin-catalog-products.json
product,width,string,semantic_product_field,READ,WRITE,none,product_Base_POST|product_Put|product_Full,"Width of the product, which can be used when calculating shipping costs.",3.1.0,2026-09-07,https://docs.bigcommerce.com/openapi/admin-catalog-products.json
product_variant,bin_picking_number,"['string', 'null']",semantic_product_field,READ,WRITE,none,productVariant_Post|productVariant_Put|productVariant_Full,Identifies where in a warehouse the variant is located.,3.1.0,2026-09-07,https://docs.bigcommerce.com/openapi/admin-catalog-product-variants.json
product_variant,calculated_price,number,computed_projection,READ,read_only_or_specialized_endpoint,none,productVariant_Full,The price of the variant as seen on the storefront. This price takes into account `sale_price` and any price adjustment rules that are applicable to this variant.,3.1.0,2026-09-07,https://docs.bigcommerce.com/openapi/admin-catalog-product-variants.json
product_variant,calculated_weight,number,derived_or_external_metadata,READ,read_only_or_specialized_endpoint,none,productVariant_Full,,3.1.0,2026-09-07,https://docs.bigcommerce.com/openapi/admin-catalog-product-variants.json
product_variant,cost_price,"['number', 'null']",pricing_domain,READ,WRITE,none,productVariant_Post|productVariant_Put|productVariant_Full,The cost price of the variant. It is not affected by Price List prices. This value displays as null in the control panel when `cost_price` equals zero.,3.1.0,2026-09-07,https://docs.bigcommerce.com/openapi/admin-catalog-product-variants.json
product_variant,depth,"['number', 'null']",semantic_product_field,READ,WRITE,none,productVariant_Post|productVariant_Put|productVariant_Full,"Depth of the variant, which can be used when calculating shipping costs. If this value is `null`, the productʼs default depth (set in the Product resourceʼs `depth` field) will be used as the base depth.",3.1.0,2026-09-07,https://docs.bigcommerce.com/openapi/admin-catalog-product-variants.json
product_variant,fixed_cost_shipping_price,"['number', 'null']",pricing_domain,READ,WRITE,none,productVariant_Post|productVariant_Put|productVariant_Full,"A fixed shipping cost for the variant. If defined, this value will be used during checkout instead of normal shipping-cost calculation.",3.1.0,2026-09-07,https://docs.bigcommerce.com/openapi/admin-catalog-product-variants.json
product_variant,gtin,"['string', 'null']",semantic_product_field,READ,WRITE,none,productVariant_Post|productVariant_Put|productVariant_Full,Global Trade Item Number,3.1.0,2026-09-07,https://docs.bigcommerce.com/openapi/admin-catalog-product-variants.json
product_variant,height,"['number', 'null']",semantic_product_field,READ,WRITE,none,productVariant_Post|productVariant_Put|productVariant_Full,"Height of the variant, which can be used when calculating shipping costs. If this value is `null`, the productʼs default height (set in the Product resourceʼs `height` field) will be used as the base height.",3.1.0,2026-09-07,https://docs.bigcommerce.com/openapi/admin-catalog-product-variants.json
product_variant,id,integer,external_system_identity,READ,read_only_or_specialized_endpoint,none,productVariant_Full,,3.1.0,2026-09-07,https://docs.bigcommerce.com/openapi/admin-catalog-product-variants.json
product_variant,image_url,string,media_domain,READ,WRITE,none,productVariant_Post|productVariant_Put|productVariant_Full,Publicly available image url,3.1.0,2026-09-07,https://docs.bigcommerce.com/openapi/admin-catalog-product-variants.json
product_variant,inventory_level,"['integer', 'null']",inventory_availability_domain,READ,WRITE,none,productVariant_Post|productVariant_Put|productVariant_Full,"Inventory level for the variant, which is used when the product’s inventory_tracking is set to `variant`. The Catalog API returns the inventory for only the default location. The inventory for a variant cannot exceed 2,147,483,647 in the catalog. The sum of the variant inventories, or the total inventory for a product, cannot exceed 2,147,483,647. If you exceed the limit, the store sets the variant inventory to the limit if no other variant inventories are set. If other variant inventories are set, the store does not save the variant inventory rather than setting the variant inventory to the remaining limit. The Catalog API handles limits in a different way than the Inventory API. For more information, see [Limit handling](/developer/docs/admin/catalog-and-inventory/inventory-adjustments#limit-handling-in-inventory-versus-catalog-api).",3.1.0,2026-09-07,https://docs.bigcommerce.com/openapi/admin-catalog-product-variants.json
product_variant,inventory_warning_level,"['integer', 'null']",inventory_availability_domain,READ,WRITE,none,productVariant_Post|productVariant_Put|productVariant_Full,"When the variant hits this inventory level, it is considered low stock.",3.1.0,2026-09-07,https://docs.bigcommerce.com/openapi/admin-catalog-product-variants.json
product_variant,is_free_shipping,boolean,semantic_product_field,READ,WRITE,none,productVariant_Post|productVariant_Put|productVariant_Full,"Flag used to indicate whether the variant has free shipping. If `true`, the shipping cost for the variant will be zero.",3.1.0,2026-09-07,https://docs.bigcommerce.com/openapi/admin-catalog-product-variants.json
product_variant,mpn,"['string', 'null']",semantic_product_field,READ,WRITE,none,productVariant_Post|productVariant_Put|productVariant_Full,Manufacturer Part Number,3.1.0,2026-09-07,https://docs.bigcommerce.com/openapi/admin-catalog-product-variants.json
product_variant,option_values,array[#/components/schemas/productVariantOptionValue_Full],relation_or_structured_capability,READ,WRITE,none,productVariant_Post|productVariant_Full,Array of option and option values IDs that make up this variant. Will be empty if the variant is the productʼs base variant.,3.1.0,2026-09-07,https://docs.bigcommerce.com/openapi/admin-catalog-product-variants.json
product_variant,price,"['number', 'null']",pricing_domain,READ,WRITE,none,productVariant_Post|productVariant_Put|productVariant_Full,"This variant’s base price on the storefront. If a Price List ID is used, the Price List value will be used. If a Price List ID is not used, and this value is `null`, the product’s default price (set in the Product resource’s `price` field) will be used as the base price.",3.1.0,2026-09-07,https://docs.bigcommerce.com/openapi/admin-catalog-product-variants.json
product_variant,product_id,integer,external_system_identity,READ,WRITE,none,productVariant_Post|productVariant_Put|productVariant_Full,,3.1.0,2026-09-07,https://docs.bigcommerce.com/openapi/admin-catalog-product-variants.json
product_variant,purchasing_disabled,boolean,inventory_availability_domain,READ,WRITE,none,productVariant_Post|productVariant_Put|productVariant_Full,"If `true`, this variant will not be purchasable on the storefront.",3.1.0,2026-09-07,https://docs.bigcommerce.com/openapi/admin-catalog-product-variants.json
product_variant,purchasing_disabled_message,string,inventory_availability_domain,READ,WRITE,none,productVariant_Post|productVariant_Put|productVariant_Full,"If `purchasing_disabled` is `true`, this message should show on the storefront when the variant is selected.",3.1.0,2026-09-07,https://docs.bigcommerce.com/openapi/admin-catalog-product-variants.json
product_variant,retail_price,"['number', 'null']",pricing_domain,READ,WRITE,none,productVariant_Post|productVariant_Put|productVariant_Full,"This variant’s retail price on the storefront. If a Price List ID is used, the Price List value will be used. If a Price List ID is not used, and this value is null, the product’s retail price (set in the Product resource’s `price` field) will be used as the retail price.",3.1.0,2026-09-07,https://docs.bigcommerce.com/openapi/admin-catalog-product-variants.json
product_variant,sale_price,"['number', 'null']",pricing_domain,READ,WRITE,none,productVariant_Post|productVariant_Put|productVariant_Full,"This variant’s sale price on the storefront. If a Price List ID is used, the Price List value will be used. If a Price List ID is not used, and this value is null, the product’s sale price (set in the Product resource’s `price` field) will be used as the sale price.",3.1.0,2026-09-07,https://docs.bigcommerce.com/openapi/admin-catalog-product-variants.json
product_variant,sku,string,semantic_product_field,READ,WRITE,none,productVariant_Post|productVariant_Put|productVariant_Full,,3.1.0,2026-09-07,https://docs.bigcommerce.com/openapi/admin-catalog-product-variants.json
product_variant,sku_id,"['integer', 'null']",external_system_identity,READ,read_only_or_specialized_endpoint,none,productVariant_Full,Read-only reference to v2 APIʼs SKU ID. Null if it is a base variant.,3.1.0,2026-09-07,https://docs.bigcommerce.com/openapi/admin-catalog-product-variants.json
product_variant,upc,"['string', 'null']",semantic_product_field,READ,WRITE,none,productVariant_Post|productVariant_Put|productVariant_Full,The UPC code used in feeds for shopping comparison sites and external channel integrations.,3.1.0,2026-09-07,https://docs.bigcommerce.com/openapi/admin-catalog-product-variants.json
product_variant,weight,"['number', 'null']",semantic_product_field,READ,WRITE,none,productVariant_Post|productVariant_Put|productVariant_Full,"This variant’s base weight on the storefront. If this value is null, the product’s default weight (set in the Product resource’s weight field) will be used as the base weight.",3.1.0,2026-09-07,https://docs.bigcommerce.com/openapi/admin-catalog-product-variants.json
product_variant,width,"['number', 'null']",semantic_product_field,READ,WRITE,none,productVariant_Post|productVariant_Put|productVariant_Full,"Width of the variant, which can be used when calculating shipping costs. If this value is `null`, the productʼs default width (set in the Product resourceʼs `width` field) will be used as the base width.",3.1.0,2026-09-07,https://docs.bigcommerce.com/openapi/admin-catalog-product-variants.json
product_option,config,ref:#/components/schemas/productOptionConfig_Full,option_modifier_schema,READ,read_only_or_specialized_endpoint,none,productOption_Full,,3.1.0,2026-09-07,https://docs.bigcommerce.com/openapi/admin-catalog-product-variant-options.json
product_option,display_name,string,option_modifier_schema,READ,read_only_or_specialized_endpoint,none,productOption_Full,The name of the option shown on the storefront.,3.1.0,2026-09-07,https://docs.bigcommerce.com/openapi/admin-catalog-product-variant-options.json
product_option,id,"['integer', 'null']",external_system_identity,READ,read_only_or_specialized_endpoint,none,productOption_Full,"The unique numerical ID of the option, increments sequentially.",3.1.0,2026-09-07,https://docs.bigcommerce.com/openapi/admin-catalog-product-variant-options.json
product_option,name,string,option_modifier_schema,READ,read_only_or_specialized_endpoint,none,productOption_Full,"The unique option name, auto-generated from the display name, a timestamp, and the product ID.",3.1.0,2026-09-07,https://docs.bigcommerce.com/openapi/admin-catalog-product-variant-options.json
product_option,option_values,array[#/components/schemas/productOptionOptionValue_Full],relation_or_structured_capability,READ,read_only_or_specialized_endpoint,none,productOption_Full,,3.1.0,2026-09-07,https://docs.bigcommerce.com/openapi/admin-catalog-product-variant-options.json
product_option,product_id,integer,external_system_identity,READ,read_only_or_specialized_endpoint,none,productOption_Full,The unique numerical ID of the product to which the option belongs.,3.1.0,2026-09-07,https://docs.bigcommerce.com/openapi/admin-catalog-product-variant-options.json
product_option,sort_order,integer,channel_or_storefront_context,READ,read_only_or_specialized_endpoint,none,productOption_Full,Order in which the option is displayed on the storefront.,3.1.0,2026-09-07,https://docs.bigcommerce.com/openapi/admin-catalog-product-variant-options.json
product_option,type,ref:#/components/schemas/ProductOptionBaseType,channel_or_storefront_context,READ,read_only_or_specialized_endpoint,none,productOption_Full,"The type of option, which determines how it will display on the storefront. Acceptable values: `radio_buttons`, `rectangles`, `dropdown`, `product_list`, `product_list_with_images`, `swatch`. For reference, the former v2 API values are: RB = radio_buttons, RT = rectangles, S = dropdown, P = product_list, PI = product_list_with_images, CS = swatch.",3.1.0,2026-09-07,https://docs.bigcommerce.com/openapi/admin-catalog-product-variant-options.json
product_modifier,config,ref:#/components/schemas/config_Full,option_modifier_schema,READ,WRITE,none,productModifier_Post|productModifier_Full,,3.1.0,2026-09-07,https://docs.bigcommerce.com/openapi/admin-catalog-product-modifiers.json
product_modifier,display_name,string,option_modifier_schema,READ,WRITE,productModifier_Post,productModifier_Post|productModifier_Full,The name of the option shown on the storefront.,3.1.0,2026-09-07,https://docs.bigcommerce.com/openapi/admin-catalog-product-modifiers.json
product_modifier,id,integer,external_system_identity,READ,read_only_or_specialized_endpoint,none,productModifier_Full,The unique numeric ID of the modifier; increments sequentially.,3.1.0,2026-09-07,https://docs.bigcommerce.com/openapi/admin-catalog-product-modifiers.json
product_modifier,name,string,option_modifier_schema,READ,read_only_or_specialized_endpoint,none,productModifier_Full,"The unique option name. Auto-generated from the display name, a timestamp, and the product ID.",3.1.0,2026-09-07,https://docs.bigcommerce.com/openapi/admin-catalog-product-modifiers.json
product_modifier,option_values,array[#/components/schemas/productModifierOptionValue_Post],relation_or_structured_capability,READ,WRITE,none,productModifier_Post|productModifier_Full,Contains information about the values for modifier types with options. Certain fields are not used for specific modifier types. See [Option Values](#option-values) for more details.,3.1.0,2026-09-07,https://docs.bigcommerce.com/openapi/admin-catalog-product-modifiers.json
product_modifier,product_id,integer,external_system_identity,READ,read_only_or_specialized_endpoint,none,productModifier_Full,The unique numeric ID of the product to which the option belongs.,3.1.0,2026-09-07,https://docs.bigcommerce.com/openapi/admin-catalog-product-modifiers.json
product_modifier,required,boolean,option_modifier_schema,READ,WRITE,productModifier_Post|productModifier_Full,productModifier_Post|productModifier_Full,Whether or not this modifier is required at checkout. Required in a /POST.,3.1.0,2026-09-07,https://docs.bigcommerce.com/openapi/admin-catalog-product-modifiers.json
product_modifier,sort_order,integer,channel_or_storefront_context,READ,WRITE,none,productModifier_Post|productModifier_Full,The order the modifiers display on the product detail page.,3.1.0,2026-09-07,https://docs.bigcommerce.com/openapi/admin-catalog-product-modifiers.json
product_modifier,type,ref:#/components/schemas/ProductModifierPostType,channel_or_storefront_context,READ,WRITE,productModifier_Post|productModifier_Full,productModifier_Post|productModifier_Full,"BigCommerce API, which determines how it will display on the storefront. Acceptable values: `date`, `checkbox`, `file`, `text`, `multi_line_text`, `numbers_only_text`, `radio_buttons`, `rectangles`, `dropdown`, `product_list`, `product_list_with_images`, `swatch`. Required in a /POST.",3.1.0,2026-09-07,https://docs.bigcommerce.com/openapi/admin-catalog-product-modifiers.json
price_list,/stores/{store_hash}/v3/pricelists,capability_endpoint,price_list_domain,READ,WRITE,not_applicable,"DELETE,GET,POST","Official BigCommerce capability endpoint; domain-owned, not a generic Product field.",3.1.0,2026-09-07,https://docs.bigcommerce.com/openapi/admin-management-price-lists.json
price_list,/stores/{store_hash}/v3/pricelists/assignments,capability_endpoint,price_list_domain,READ,WRITE,not_applicable,"DELETE,GET,POST","Official BigCommerce capability endpoint; domain-owned, not a generic Product field.",3.1.0,2026-09-07,https://docs.bigcommerce.com/openapi/admin-management-price-lists.json
price_list,/stores/{store_hash}/v3/pricelists/records,capability_endpoint,price_list_domain,none,WRITE,not_applicable,"POST,PUT","Official BigCommerce capability endpoint; domain-owned, not a generic Product field.",3.1.0,2026-09-07,https://docs.bigcommerce.com/openapi/admin-management-price-lists.json
price_list,/stores/{store_hash}/v3/pricelists/{price_list_id},capability_endpoint,price_list_domain,READ,WRITE,not_applicable,"DELETE,GET,PUT","Official BigCommerce capability endpoint; domain-owned, not a generic Product field.",3.1.0,2026-09-07,https://docs.bigcommerce.com/openapi/admin-management-price-lists.json
price_list,/stores/{store_hash}/v3/pricelists/{price_list_id}/assignments,capability_endpoint,price_list_domain,none,WRITE,not_applicable,PUT,"Official BigCommerce capability endpoint; domain-owned, not a generic Product field.",3.1.0,2026-09-07,https://docs.bigcommerce.com/openapi/admin-management-price-lists.json
price_list,/stores/{store_hash}/v3/pricelists/{price_list_id}/records,capability_endpoint,price_list_domain,READ,WRITE,not_applicable,"DELETE,GET,POST,PUT","Official BigCommerce capability endpoint; domain-owned, not a generic Product field.",3.1.0,2026-09-07,https://docs.bigcommerce.com/openapi/admin-management-price-lists.json
price_list,/stores/{store_hash}/v3/pricelists/{price_list_id}/records/{variant_id},capability_endpoint,price_list_domain,READ,none,not_applicable,GET,"Official BigCommerce capability endpoint; domain-owned, not a generic Product field.",3.1.0,2026-09-07,https://docs.bigcommerce.com/openapi/admin-management-price-lists.json
price_list,/stores/{store_hash}/v3/pricelists/{price_list_id}/records/{variant_id}/{currency_code},capability_endpoint,price_list_domain,READ,WRITE,not_applicable,"DELETE,GET,PUT","Official BigCommerce capability endpoint; domain-owned, not a generic Product field.",3.1.0,2026-09-07,https://docs.bigcommerce.com/openapi/admin-management-price-lists.json
inventory,/stores/{store_hash}/v3/inventory/adjustments/absolute,capability_endpoint,inventory_domain,none,WRITE,not_applicable,PUT,"Official BigCommerce capability endpoint; domain-owned, not a generic Product field.",3.1.0,2026-09-07,https://docs.bigcommerce.com/openapi/admin-management-inventory.json
inventory,/stores/{store_hash}/v3/inventory/adjustments/relative,capability_endpoint,inventory_domain,none,WRITE,not_applicable,POST,"Official BigCommerce capability endpoint; domain-owned, not a generic Product field.",3.1.0,2026-09-07,https://docs.bigcommerce.com/openapi/admin-management-inventory.json
inventory,/stores/{store_hash}/v3/inventory/items,capability_endpoint,inventory_domain,READ,none,not_applicable,GET,"Official BigCommerce capability endpoint; domain-owned, not a generic Product field.",3.1.0,2026-09-07,https://docs.bigcommerce.com/openapi/admin-management-inventory.json
inventory,/stores/{store_hash}/v3/inventory/locations,capability_endpoint,inventory_domain,READ,WRITE,not_applicable,"DELETE,GET,POST,PUT","Official BigCommerce capability endpoint; domain-owned, not a generic Product field.",3.1.0,2026-09-07,https://docs.bigcommerce.com/openapi/admin-management-inventory.json
inventory,/stores/{store_hash}/v3/inventory/locations/metafields,capability_endpoint,inventory_domain,READ,WRITE,not_applicable,"DELETE,GET,POST,PUT","Official BigCommerce capability endpoint; domain-owned, not a generic Product field.",3.1.0,2026-09-07,https://docs.bigcommerce.com/openapi/admin-management-inventory.json
inventory,/stores/{store_hash}/v3/inventory/locations/{location_id}/items,capability_endpoint,inventory_domain,READ,WRITE,not_applicable,"GET,PUT","Official BigCommerce capability endpoint; domain-owned, not a generic Product field.",3.1.0,2026-09-07,https://docs.bigcommerce.com/openapi/admin-management-inventory.json
inventory,/stores/{store_hash}/v3/inventory/locations/{location_id}/metafields,capability_endpoint,inventory_domain,READ,WRITE,not_applicable,"GET,POST","Official BigCommerce capability endpoint; domain-owned, not a generic Product field.",3.1.0,2026-09-07,https://docs.bigcommerce.com/openapi/admin-management-inventory.json
inventory,/stores/{store_hash}/v3/inventory/locations/{location_id}/metafields/{metafield_id},capability_endpoint,inventory_domain,READ,WRITE,not_applicable,"DELETE,GET,PUT","Official BigCommerce capability endpoint; domain-owned, not a generic Product field.",3.1.0,2026-09-07,https://docs.bigcommerce.com/openapi/admin-management-inventory.json
