source_id,subject_type,evidence_subject_key,source_kind,source_organization,source_title,source_url_or_state,source_ref_or_state,source_version,verified_at,evidence_locator,evidence_note
s001,field,field:gtin,official_web_doc,GS1,GTIN - Global Trade Item Number,https://www.gs1.org/standards/id-keys/gtin,not_applicable,unversioned,2026-07-15,Overview section,Universal canonical identifier definition.
s002,field,field:gtin,official_web_doc,schema.org,Product - gtin property,https://schema.org/gtin,not_applicable,unversioned,2026-07-15,Property definition,Second independent source for GTIN semantics.
s003,mapping,mapping:google_merchant:name:title:a002:unversioned,official_web_doc,Google,Product data specification - title attribute,https://support.google.com/merchants/answer/6324415,not_applicable,unversioned,2026-07-15,title attribute section,Official Google Merchant mapping for name.
s004,field,field:mpn,official_web_doc,Google,Product data specification - mpn attribute,https://support.google.com/merchants/answer/6324482,not_applicable,unversioned,2026-07-15,mpn attribute section,MPN may coexist with GTIN; variant binding varies by category.
s005,field,field:mpn,official_web_doc,schema.org,Product - mpn property,https://schema.org/mpn,not_applicable,unversioned,2026-07-15,Property definition,Second independent source for MPN.
s006,mapping,mapping:google_merchant:identifier_exists:identifier_exists:a009:unversioned,official_web_doc,Google,Product data specification - identifier_exists,https://support.google.com/merchants/answer/6324478,not_applicable,unversioned,2026-07-15,identifier_exists section,"False only when identifiers genuinely absent, not empty fields."
s007,field,field:name,repository_code,babypark,FieldDefinitionSeeder name,not_applicable,database/seeders/FieldDefinitionSeeder.php,develop@3c3f926,2026-07-15,systemAttributes() name entry,Internal platform field from seeder.
s008,field,field:price,repository_document,babypark,Attribute Dictionary - pricing boundary,not_applicable,docs/02-ATTRIBUTE_DICTIONARY.md,unversioned,2026-07-15,Initial System Attributes Seed - price,Pricing domain; not FieldDefinition-editable.
s009,field,field:price,repository_document,babypark,Domain Model - PriceResolver,not_applicable,docs/03-DOMAIN_MODEL.md,unversioned,2026-07-15,Pricing domain section,Second internal source for pricing_domain classification.
s010,alias,alias:name:uk:назва:import_header:global,repository_document,babypark,Import aliases seed list,not_applicable,docs/02-ATTRIBUTE_DICTIONARY.md,unversioned,2026-07-15,Import Aliases Setup section,Default seed alias for name.
s011,alias,alias:sku:en:sku:import_header:global,repository_document,babypark,ImportHeaderNormalizer specification,not_applicable,docs/02-ATTRIBUTE_DICTIONARY.md,unversioned,2026-07-15,Import Header Normalization section,Normalization steps; service not yet implemented in code.
s012,constraint,constraint:c002,official_web_doc,Google,Product data specification - title max length,https://support.google.com/merchants/answer/6324415,not_applicable,unversioned,2026-07-15,title best practices,150 character channel constraint.
s013,option,option:o001,official_web_doc,Google,Product data specification - condition,https://support.google.com/merchants/answer/6324469,not_applicable,unversioned,2026-07-15,Supported values: new,Condition option new.
s014,applicability,applicability:a001,official_web_doc,Google,Product data specification - mpn variant guidance,https://support.google.com/merchants/answer/6324482,not_applicable,unversioned,2026-07-15,Submit MPN section,Apparel size exception for shared MPN.
s015,field,field:has_energy_consumption_details,official_web_doc,schema.org,Product - hasEnergyConsumptionDetails,https://schema.org/hasEnergyConsumptionDetails,not_applicable,unversioned,2026-07-15,Property definition,Semantic only; EU legal obligation not confirmed.
s016,mapping,mapping:shopify:name:title:a003:2024-10,api_schema,Shopify,Product resource - title,https://shopify.dev/docs/api/admin-rest/latest/resources/product,not_applicable,2024-10,2026-07-15,Product properties table,Official Shopify Admin API field.
s017,field,field:identifier_exists,official_web_doc,Google,identifier_exists semantics,https://support.google.com/merchants/answer/6324478,not_applicable,unversioned,2026-07-15,When to set identifier_exists to false,Connector-only; do not infer from empty fields.
s018,field,field:accessory,repository_document,babypark,Domain Model - product associations,not_applicable,docs/03-DOMAIN_MODEL.md,unversioned,2026-07-15,Product relationships boundary,product_association_domain; not multi-select text.
s019,mapping,mapping:rozetka:rozetka_category_id:category_id:a019:undecided,repository_code,babypark,Product.rozetka_category_id column,not_applicable,database/migrations/2024_06_01_100001_create_products_table.php,develop@3c3f926,2026-07-15,rozetka_category_id column,No official Rozetka public schema found; marked partially_verified.
s020,constraint,constraint:c001,repository_document,babypark,Attribute Dictionary - name required,not_applicable,docs/02-ATTRIBUTE_DICTIONARY.md,unversioned,2026-07-15,Required for Product Creation,Core max_length undecided pending DB constraint review.
s021,field,field:brand,official_web_doc,Google,Product data specification - brand,https://support.google.com/merchants/answer/6324351,not_applicable,unversioned,2026-07-15,brand attribute section,Universal canonical brand field.
s022,field,field:brand,official_web_doc,schema.org,Product - brand property,https://schema.org/brand,not_applicable,unversioned,2026-07-15,brand on Product,Second independent source for brand.
s023,field,field:sku,repository_code,babypark,FieldDefinitionSeeder sku,not_applicable,database/seeders/FieldDefinitionSeeder.php,develop@3c3f926,2026-07-15,systemAttributes() sku entry,Internal platform SKU field.
s024,field,field:sku,official_web_doc,schema.org,Product - sku property,https://schema.org/sku,not_applicable,unversioned,2026-07-15,Property definition,Second source for SKU semantics.
s025,applicability,applicability:a025,official_web_doc,Google,Product data specification - mpn attribute,https://support.google.com/merchants/answer/6324482,not_applicable,unversioned,2026-07-16,mpn attribute section,General Google MPN applicability (all products; variant-level).
s026,constraint,constraint:c007,official_web_doc,Google,Product data specification - mpn max length,https://support.google.com/merchants/answer/6324482,not_applicable,unversioned,2026-07-16,mpn attribute section,String 1-70 characters when value is submitted.
s027,applicability,applicability:a027,repository_document,babypark,Canonical Product Field Registry - DEC-006,not_applicable,docs/CANONICAL_PRODUCT_FIELD_REGISTRY.md,unversioned,2026-07-16,DEC-006 — age_group canonical value model,Global applicability for age_group canonical option existence; internal architecture decision not sourced externally.
s028,applicability,applicability:a028,repository_document,babypark,Canonical Product Field Registry - DEC-007,not_applicable,docs/CANONICAL_PRODUCT_FIELD_REGISTRY.md,unversioned,2026-07-16,DEC-007 — gender canonical value model,Global applicability for gender canonical option existence; internal architecture decision not sourced externally.
s029,applicability,applicability:a029,official_web_doc,Google,Age group [age_group] - Google Merchant Center Help,https://support.google.com/merchants/answer/6324463?hl=en,not_applicable,unversioned,2026-07-16,When to use section,Confirms age_group as a Google Merchant channel attribute; general applicability not restricted to category 166.
s030,applicability,applicability:a030,official_web_doc,Google,Gender [gender] - Google Merchant Center Help,https://support.google.com/merchants/answer/6324479?hl=en,not_applicable,unversioned,2026-07-16,When to use section,Confirms gender as a Google Merchant channel attribute; general applicability not restricted to category 166.
s031,option,option:o009,official_web_doc,Google,Age group [age_group] - Google Merchant Center Help,https://support.google.com/merchants/answer/6324463?hl=en,not_applicable,unversioned,2026-07-16,Supported values: Newborn,Newborn 0-3 months.
s032,option,option:o010,official_web_doc,Google,Age group [age_group] - Google Merchant Center Help,https://support.google.com/merchants/answer/6324463?hl=en,not_applicable,unversioned,2026-07-16,Supported values: Infant,Infant 3-12 months.
s033,option,option:o011,official_web_doc,Google,Age group [age_group] - Google Merchant Center Help,https://support.google.com/merchants/answer/6324463?hl=en,not_applicable,unversioned,2026-07-16,Supported values: Toddler,Toddler 1-5 years.
s034,option,option:o012,official_web_doc,Google,Age group [age_group] - Google Merchant Center Help,https://support.google.com/merchants/answer/6324463?hl=en,not_applicable,unversioned,2026-07-16,Supported values: Kids,Kids 5-13 years.
s035,option,option:o013,official_web_doc,Google,Age group [age_group] - Google Merchant Center Help,https://support.google.com/merchants/answer/6324463?hl=en,not_applicable,unversioned,2026-07-16,Supported values: Adult,Adult 13+ years.
s036,option,option:o014,repository_document,Shopify,product-taxonomy attributes.yml - Target gender,https://github.com/Shopify/product-taxonomy/blob/main/data/attributes.yml,not_applicable,unversioned,2026-07-16,target_gender__female entry,Canonical gender set sourced from Shopify Standard Product Taxonomy.
s037,option,option:o015,repository_document,Shopify,product-taxonomy attributes.yml - Target gender,https://github.com/Shopify/product-taxonomy/blob/main/data/attributes.yml,not_applicable,unversioned,2026-07-16,target_gender__male entry,Canonical gender set sourced from Shopify Standard Product Taxonomy.
s038,option,option:o016,repository_document,Shopify,product-taxonomy attributes.yml - Target gender,https://github.com/Shopify/product-taxonomy/blob/main/data/attributes.yml,not_applicable,unversioned,2026-07-16,target_gender__unisex entry,Canonical gender set sourced from Shopify Standard Product Taxonomy.
s039,option,option:o017,repository_document,Shopify,product-taxonomy attributes.yml - Target gender,https://github.com/Shopify/product-taxonomy/blob/main/data/attributes.yml,not_applicable,unversioned,2026-07-16,target_gender__other entry,No Google equivalent; Shopify-only canonical value.
s040,mapping,mapping:google_merchant:age_group:age_group:a029:unversioned,official_web_doc,Google,Age group [age_group] - Google Merchant Center Help,https://support.google.com/merchants/answer/6324463?hl=en,not_applicable,unversioned,2026-07-16,Format section,Field-level mapping age_group -> google age_group.
s041,mapping,mapping:google_merchant:gender:gender:a030:unversioned,official_web_doc,Google,Gender [gender] - Google Merchant Center Help,https://support.google.com/merchants/answer/6324479?hl=en,not_applicable,unversioned,2026-07-16,Format section,Field-level mapping gender -> google gender.
s042,option_mapping,option_mapping:om005,official_web_doc,Google,Age group [age_group] - Google Merchant Center Help,https://support.google.com/merchants/answer/6324463?hl=en,not_applicable,unversioned,2026-07-16,Supported values,newborn identity mapping.
s043,option_mapping,option_mapping:om006,official_web_doc,Google,Age group [age_group] - Google Merchant Center Help,https://support.google.com/merchants/answer/6324463?hl=en,not_applicable,unversioned,2026-07-16,Supported values,infant identity mapping.
s044,option_mapping,option_mapping:om007,official_web_doc,Google,Age group [age_group] - Google Merchant Center Help,https://support.google.com/merchants/answer/6324463?hl=en,not_applicable,unversioned,2026-07-16,Supported values,toddler identity mapping.
s045,option_mapping,option_mapping:om008,official_web_doc,Google,Age group [age_group] - Google Merchant Center Help,https://support.google.com/merchants/answer/6324463?hl=en,not_applicable,unversioned,2026-07-16,Supported values,kids identity mapping.
s046,option_mapping,option_mapping:om009,official_web_doc,Google,Age group [age_group] - Google Merchant Center Help,https://support.google.com/merchants/answer/6324463?hl=en,not_applicable,unversioned,2026-07-16,Supported values,adult identity mapping.
s047,option_mapping,option_mapping:om010,official_web_doc,Google,Gender [gender] - Google Merchant Center Help,https://support.google.com/merchants/answer/6324479?hl=en,not_applicable,unversioned,2026-07-16,Supported values,female identity mapping.
s048,option_mapping,option_mapping:om011,official_web_doc,Google,Gender [gender] - Google Merchant Center Help,https://support.google.com/merchants/answer/6324479?hl=en,not_applicable,unversioned,2026-07-16,Supported values,male identity mapping.
s049,option_mapping,option_mapping:om012,official_web_doc,Google,Gender [gender] - Google Merchant Center Help,https://support.google.com/merchants/answer/6324479?hl=en,not_applicable,unversioned,2026-07-16,Supported values,unisex identity mapping.
s050,decision,decision:DEC-006,official_web_doc,Google,Age group [age_group] - Google Merchant Center Help,https://support.google.com/merchants/answer/6324463?hl=en,not_applicable,unversioned,2026-07-16,Supported values,Primary evidence for DEC-006 canonical profile choice.
s051,decision,decision:DEC-007,repository_document,Shopify,product-taxonomy attributes.yml - Target gender,https://github.com/Shopify/product-taxonomy/blob/main/data/attributes.yml,not_applicable,unversioned,2026-07-16,target_gender attribute,Primary evidence for DEC-007 canonical superset choice.
s052,decision,decision:DEC-006,repository_document,Shopify,product-taxonomy attributes.yml - Age group,https://github.com/Shopify/product-taxonomy/blob/main/data/attributes.yml,not_applicable,unversioned,2026-07-16,age_group attribute (12 values),"Evidence for the deferred, structurally different Shopify 12-value alternative discussed in DEC-006."
s053,decision,decision:DEC-006,official_web_doc,Schema.org,suggestedMinAge property,https://schema.org/suggestedMinAge,not_applicable,unversioned,2026-07-16,Property definition,"Evidence that Schema.org represents age as a numeric value, not the Google 5-bucket enum."
s054,decision,decision:DEC-006,official_web_doc,Schema.org,suggestedMaxAge property,https://schema.org/suggestedMaxAge,not_applicable,unversioned,2026-07-16,Property definition,"Evidence that Schema.org represents age as a numeric value, not the Google 5-bucket enum."
s055,decision,decision:DEC-006,official_web_doc,Shopify,TaxonomyValue - GraphQL Admin API Reference,https://shopify.dev/docs/api/admin-graphql/latest/objects/TaxonomyValue,not_applicable,unversioned,2026-07-16,"TaxonomyValue object (id, name)","Evidence that Shopify represents taxonomy values via globally-unique ID, not bare display strings; basis for deferring Shopify age_group mapping."
s056,decision,decision:DEC-007,official_web_doc,Google,Gender [gender] - Google Merchant Center Help,https://support.google.com/merchants/answer/6324479?hl=en,not_applicable,unversioned,2026-07-16,Supported values,Evidence for the Google three-value subset compared against in DEC-007.
s057,decision,decision:DEC-007,official_web_doc,Shopify,TaxonomyValue - GraphQL Admin API Reference,https://shopify.dev/docs/api/admin-graphql/latest/objects/TaxonomyValue,not_applicable,unversioned,2026-07-16,"TaxonomyValue object (id, name)","Evidence that Shopify represents taxonomy values via globally-unique ID, not bare display strings; basis for deferring Shopify gender mapping."
s058,decision,decision:DEC-008,official_web_doc,Schema.org,name property,https://schema.org/name,not_applicable,unversioned,2026-07-16,Property definition,Evidence for generic name as canonical product property.
s059,decision,decision:DEC-008,official_web_doc,Schema.org,url property,https://schema.org/url,not_applicable,unversioned,2026-07-16,Property definition,Evidence for url as primary customer-facing product page URL.
s060,decision,decision:DEC-008,api_schema,Shopify,Product - GraphQL Admin API,https://shopify.dev/docs/api/admin-graphql/latest/objects/Product,not_applicable,unversioned,2026-07-16,title and handle fields,Evidence that Shopify title and handle are external channel concepts not substitutes for canonical name or url.
s061,decision,decision:DEC-008,repository_code,babypark,FieldFoundationCustomerSeed name,not_applicable,app/Support/Migrations/FieldFoundationCustomerSeed.php,develop,2026-07-16,name definition for Customer,Existing global name FieldDefinition shared via bindings.
s062,decision,decision:DEC-008,repository_code,babypark,FieldDefinitionSeeder name binding,not_applicable,database/seeders/FieldDefinitionSeeder.php,develop,2026-07-16,systemAttributes() name entry,Product binding to products.name via shared definition.
s063,decision,decision:DEC-008,repository_code,babypark,Product model,not_applicable,app/Models/Product.php,develop,2026-07-16,name column on products table,Database column already named name.
s064,decision,decision:DEC-009,official_web_doc,GS1 US,Product Field Definitions - Net Weight,https://www.gs1us.org/resources/data-hub-help-center/product-field-definitions,not_applicable,unversioned,2026-07-16,Net Weight definition,Net is the weight of the product itself excluding container packaging.
s065,decision,decision:DEC-009,official_web_doc,GS1 US,Product Field Definitions - Gross Weight,https://www.gs1us.org/resources/data-hub-help-center/product-field-definitions,not_applicable,unversioned,2026-07-16,Gross Weight definition,Gross is the weight of the product plus the weight of its container or packaging.
s066,alias,alias:name:en:product_name:legacy_code:global,repository_document,babypark,Canonical Product Field Registry - DEC-008,not_applicable,docs/CANONICAL_PRODUCT_FIELD_REGISTRY.md,unversioned,2026-07-16,DEC-008 legacy_code alias,Verified legacy import alias for former product_name code.
s067,alias,alias:url:en:product_url:legacy_code:global,repository_document,babypark,Canonical Product Field Registry - DEC-008,not_applicable,docs/CANONICAL_PRODUCT_FIELD_REGISTRY.md,unversioned,2026-07-16,DEC-008 legacy_code alias,Verified legacy import alias for former product_url code.
s068,alias,alias:net_weight:en:weight_netto:legacy_code:global,repository_document,babypark,Canonical Product Field Registry - DEC-009,not_applicable,docs/CANONICAL_PRODUCT_FIELD_REGISTRY.md,unversioned,2026-07-16,DEC-009 legacy_code alias,Verified legacy import alias for former weight_netto code.
s069,alias,alias:gross_weight:en:weight_brutto:legacy_code:global,repository_document,babypark,Canonical Product Field Registry - DEC-009,not_applicable,docs/CANONICAL_PRODUCT_FIELD_REGISTRY.md,unversioned,2026-07-16,DEC-009 legacy_code alias,Verified legacy import alias for former weight_brutto code.
s070,decision,decision:DEC-010,official_web_doc,Adobe,Product data attributes reference | Adobe Commerce,https://experienceleague.adobe.com/en/docs/commerce-admin/systems/data-transfer/data-attributes-product,not_applicable,unversioned,2026-07-16,Simple product CSV file structure table,"CSV reference used only as supporting evidence, not mapping surface."
s071,decision,decision:DEC-010,official_web_doc,Adobe,Create a configurable product | Adobe Commerce,https://experienceleague.adobe.com/en/docs/commerce-learn/tutorials/getting-started/create-products/create-configurable-product,not_applicable,unversioned,2026-07-16,cURL POST /V1/products example body,"Confirms sku, name, status as top-level ProductInterface properties; confirms color delivered via custom_attributes with environment-specific option IDs."
s072,decision,decision:DEC-010,api_schema,Adobe,Adobe Commerce Admin REST API 2.4.9 - products,https://adobe-commerce.redoc.ly/2.4.9-admin/tag/products/,not_applicable,2.4.9-admin,2026-07-16,products resource schema,"Confirms custom_attributes as an array of attribute_code/value objects and extension_attributes.category_links as an array of category_id/position objects, version-pinned to 2.4.9-admin."
s073,decision,decision:DEC-010,repository_code,Magento Open Source,ProductRepository.php,https://github.com/magento/magento2,app/code/Magento/Catalog/Model/ProductRepository.php,2.4.9,2026-07-16,save() method,Directly confirms the empty-SKU guard: if (!$product->getSku()) throw new CouldNotSaveException(...).
s074,mapping,mapping:adobe_commerce:sku:sku:a031:2.4.9-admin-rest,api_schema,Adobe,Adobe Commerce Admin REST API 2.4.9 - products,https://adobe-commerce.redoc.ly/2.4.9-admin/tag/products/,not_applicable,2.4.9-admin,2026-07-16,products resource schema,"Confirms sku as a top-level ProductInterface property (REST path evidence, distinct from the required-guard evidence in s083)."
s075,applicability,applicability:a031,official_web_doc,Adobe,Product data attributes reference | Adobe Commerce,https://experienceleague.adobe.com/en/docs/commerce-admin/systems/data-transfer/data-attributes-product,not_applicable,unversioned,2026-07-16,sku field description,sku described as the only required value (corroborating evidence).
s076,applicability,applicability:a031,repository_code,Magento Open Source,ProductRepository.php,https://github.com/magento/magento2,app/code/Magento/Catalog/Model/ProductRepository.php,2.4.9,2026-07-16,save() method,Primary evidence: empty-SKU guard throws CouldNotSaveException.
s077,applicability,applicability:a032,api_schema,Adobe,Adobe Commerce Admin REST API 2.4.9 - products,https://adobe-commerce.redoc.ly/2.4.9-admin/tag/products/,not_applicable,2.4.9-admin,2026-07-16,products resource schema,name is a top-level property; not independently confirmed as REST-required.
s078,applicability,applicability:a033,official_web_doc,Adobe,Product data attributes reference | Adobe Commerce,https://experienceleague.adobe.com/en/docs/commerce-admin/systems/data-transfer/data-attributes-product,not_applicable,unversioned,2026-07-16,description field description,description is a stable Adobe attribute code.
s079,applicability,applicability:a034,official_web_doc,Adobe,Product data attributes reference | Adobe Commerce,https://experienceleague.adobe.com/en/docs/commerce-admin/systems/data-transfer/data-attributes-product,not_applicable,unversioned,2026-07-16,short_description field description,short_description is a stable Adobe attribute code.
s080,applicability,applicability:a035,api_schema,Adobe,Adobe Commerce Admin REST API 2.4.9 - products,https://adobe-commerce.redoc.ly/2.4.9-admin/tag/products/,not_applicable,2.4.9-admin,2026-07-16,products resource schema,Category relation exists as extension_attributes.category_links.
s081,applicability,applicability:a036,api_schema,Adobe,Adobe Commerce Admin REST API 2.4.9 - products,https://adobe-commerce.redoc.ly/2.4.9-admin/tag/products/,not_applicable,2.4.9-admin,2026-07-16,products resource schema,status is a top-level property.
s082,applicability,applicability:a036,official_web_doc,Adobe,Product data attributes reference | Adobe Commerce,https://experienceleague.adobe.com/en/docs/commerce-admin/systems/data-transfer/data-attributes-product,not_applicable,unversioned,2026-07-16,product_online field description,"Confirms 1=enabled, 2=disabled meaning (corroborating evidence for the value semantics)."
s083,mapping,mapping:adobe_commerce:sku:sku:a031:2.4.9-admin-rest,repository_code,Magento Open Source,ProductRepository.php,https://github.com/magento/magento2,app/code/Magento/Catalog/Model/ProductRepository.php,2.4.9,2026-07-16,save() method,"sku is guarded as required in the core save flow (required-semantics evidence, distinct from the REST-path evidence in s074)."
s084,mapping,mapping:adobe_commerce:name:name:a032:2.4.9-admin-rest,api_schema,Adobe,Adobe Commerce Admin REST API 2.4.9 - products,https://adobe-commerce.redoc.ly/2.4.9-admin/tag/products/,not_applicable,2.4.9-admin,2026-07-16,products resource schema,name top-level field.
s085,mapping,mapping:adobe_commerce:description:custom_attributes[attribute_code=description].value:a033:2.4.9-admin-rest,official_web_doc,Adobe,Product data attributes reference | Adobe Commerce,https://experienceleague.adobe.com/en/docs/commerce-admin/systems/data-transfer/data-attributes-product,not_applicable,unversioned,2026-07-16,description field description,description is a stable Adobe attribute code (part 1 of 2: attribute exists).
s086,mapping,mapping:adobe_commerce:description:custom_attributes[attribute_code=description].value:a033:2.4.9-admin-rest,api_schema,Adobe,Adobe Commerce Admin REST API 2.4.9 - products,https://adobe-commerce.redoc.ly/2.4.9-admin/tag/products/,not_applicable,2.4.9-admin,2026-07-16,products resource schema,Confirms non-top-level attributes are delivered via the custom_attributes array (part 2 of 2: REST path).
s087,mapping,mapping:adobe_commerce:short_description:custom_attributes[attribute_code=short_description].value:a034:2.4.9-admin-rest,official_web_doc,Adobe,Product data attributes reference | Adobe Commerce,https://experienceleague.adobe.com/en/docs/commerce-admin/systems/data-transfer/data-attributes-product,not_applicable,unversioned,2026-07-16,short_description field description,short_description is a stable Adobe attribute code (part 1 of 2).
s088,mapping,mapping:adobe_commerce:short_description:custom_attributes[attribute_code=short_description].value:a034:2.4.9-admin-rest,api_schema,Adobe,Adobe Commerce Admin REST API 2.4.9 - products,https://adobe-commerce.redoc.ly/2.4.9-admin/tag/products/,not_applicable,2.4.9-admin,2026-07-16,products resource schema,Confirms REST path via the custom_attributes array (part 2 of 2).
s089,mapping,mapping:adobe_commerce:category:extension_attributes.category_links[].category_id:a035:2.4.9-admin-rest,api_schema,Adobe,Adobe Commerce Admin REST API 2.4.9 - products,https://adobe-commerce.redoc.ly/2.4.9-admin/tag/products/,not_applicable,2.4.9-admin,2026-07-16,products resource schema,Confirms exact structure: category_links entries expose category_id and position.
s090,mapping,mapping:adobe_commerce:status:status:a036:2.4.9-admin-rest,api_schema,Adobe,Adobe Commerce Admin REST API 2.4.9 - products,https://adobe-commerce.redoc.ly/2.4.9-admin/tag/products/,not_applicable,2.4.9-admin,2026-07-16,products resource schema,status top-level field (part 1 of 2: top-level property).
s091,mapping,mapping:adobe_commerce:status:status:a036:2.4.9-admin-rest,official_web_doc,Adobe,Product data attributes reference | Adobe Commerce,https://experienceleague.adobe.com/en/docs/commerce-admin/systems/data-transfer/data-attributes-product,not_applicable,unversioned,2026-07-16,product_online field description,"Confirms 1=enabled, 2=disabled meaning (part 2 of 2: value semantics)."
s092,constraint,constraint:c008,official_web_doc,Adobe,Product data attributes reference | Adobe Commerce,https://experienceleague.adobe.com/en/docs/commerce-admin/systems/data-transfer/data-attributes-product,not_applicable,unversioned,2026-07-16,sku field description,A SKU can be up to 64 characters in length; longer values cause import to fail.
s093,channel_decision,channel_decision:cd001,official_web_doc,Adobe,Product data attributes reference | Adobe Commerce,https://experienceleague.adobe.com/en/docs/commerce-admin/systems/data-transfer/data-attributes-product,not_applicable,unversioned,2026-07-16,DEC-010 — price deferred,price deferred pending Pricing Domain + product-type policy (DEC-010).
s094,channel_decision,channel_decision:cd002,repository_document,babypark,Implementation Gaps - GAP-023,not_applicable,docs/IMPLEMENTATION_GAPS.md,unversioned,2026-07-16,GAP-023 — net_weight deferred,net_weight deferred pending measurement unit contract (GAP-023).
s095,channel_decision,channel_decision:cd003,official_web_doc,Adobe,Product data attributes reference | Adobe Commerce,https://experienceleague.adobe.com/en/docs/commerce-admin/systems/data-transfer/data-attributes-product,not_applicable,unversioned,2026-07-16,DEC-010 — url deferred,url deferred pending slug/rewrite ownership policy (DEC-010).
s096,channel_decision,channel_decision:cd004,official_web_doc,Adobe,Create a configurable product | Adobe Commerce,https://experienceleague.adobe.com/en/docs/commerce-learn/tutorials/getting-started/create-products/create-configurable-product,not_applicable,unversioned,2026-07-16,DEC-010 — color account_specific,color option IDs are installation-specific; account_specific per DEC-010.
s097,channel_decision,channel_decision:cd005,official_web_doc,Adobe,Product data attributes reference | Adobe Commerce,https://experienceleague.adobe.com/en/docs/commerce-admin/systems/data-transfer/data-attributes-product,not_applicable,unversioned,2026-07-16,DEC-010 — manufacturer account_specific,manufacturer attribute ambiguity; account_specific per DEC-010.
s098,channel_decision,channel_decision:cd006,official_web_doc,Adobe,Product data attributes reference | Adobe Commerce,https://experienceleague.adobe.com/en/docs/commerce-admin/systems/data-transfer/data-attributes-product,not_applicable,unversioned,2026-07-16,DEC-010 — brand account_specific,brand/manufacturer ambiguity symmetric; account_specific per DEC-010.
s099,channel_decision,channel_decision:cd007,official_web_doc,Adobe,Product data attributes reference | Adobe Commerce,https://experienceleague.adobe.com/en/docs/commerce-admin/systems/data-transfer/data-attributes-product,not_applicable,unversioned,2026-07-16,DEC-010 — meta_title deferred,meta_title deferred pending SEO/localization/store-view policy (DEC-010).
s100,channel_decision,channel_decision:cd008,official_web_doc,Adobe,Product data attributes reference | Adobe Commerce,https://experienceleague.adobe.com/en/docs/commerce-admin/systems/data-transfer/data-attributes-product,not_applicable,unversioned,2026-07-16,DEC-010 — meta_description deferred,meta_description deferred pending SEO/localization/store-view policy (DEC-010).
s101,field,field:onec_guid,repository_code,babypark,Product.onec_guid legacy column,not_applicable,database/migrations/2024_06_01_100001_create_products_table.php,develop@3c3f926,2026-08-17,products.onec_guid unique uuid,Physical 1C identity column remains; canonical classification is external_identity / ExternalRecordLink / external_identity_only per DEC-011. Do not create a FieldDefinition or FieldMapping.
s102,decision,decision:DEC-011,repository_document,babypark,Canonical Product Field Registry - DEC-011,not_applicable,docs/CANONICAL_PRODUCT_FIELD_REGISTRY.md,unversioned,2026-08-17,DEC-011 — onec_guid is connector-owned identity,"Reclassifies onec_guid from core_model_property then connector_only/ConnectorMapping to external_identity. Destination is account-scoped ExternalRecordLink, not FieldDefinition or FieldMapping."
s103,field,field:tags,repository_document,babypark,Domain Model — Product classification [Resolved],https://github.com/Stanislavikus/babypark-b2b/blob/develop/docs/03-DOMAIN_MODEL.md,not_applicable,2026-09-07-snapshot,2026-09-07,Product classification model — Tags,Resolved internal product concept.
s104,field,field:tags,official_web_doc,Shopify,Admin GraphQL 2026-07 Product.tags,https://shopify.dev/docs/api/admin-graphql/2026-07/objects/Product,not_applicable,2026-09-07-snapshot,2026-09-07,Product.tags,Independent commerce representation.
s105,field,field:recommended_retail_price,repository_document,babypark,Domain Model — Reference price fields [Resolved],https://github.com/Stanislavikus/babypark-b2b/blob/develop/docs/03-DOMAIN_MODEL.md,not_applicable,2026-09-07-snapshot,2026-09-07,ProductVariant.recommended_retail_price_cache,Resolved internal reference-price owner.
s106,field,field:recommended_retail_price,api_schema,BigCommerce,Catalog Products OpenAPI,https://docs.bigcommerce.com/openapi/admin-catalog-products.json,not_applicable,2026-09-07-snapshot,2026-09-07,Product.retail_price,Independent external reference-price representation.
s107,field,field:recommended_retail_price,official_web_doc,Amazon,Manage Product Listings / LUGGAGE PTD example,https://developer-docs.amazon.com/sp-api/lang-en_EN/docs/manage-product-listings-guide,not_applicable,2026-09-07-snapshot,2026-09-07,propertyGroups.offer.list_price,Independent external list/reference price representation.
s108,field,field:pattern,api_schema,Google,Merchant API products_v1 discovery,https://merchantapi.googleapis.com/$discovery/rest?version=products_v1,not_applicable,2026-09-07-snapshot,2026-09-07,ProductAttributes.pattern,Official Google product characteristic.
s109,field,field:pattern,repository_code,Shopify,Standard Product Taxonomy,https://github.com/Shopify/product-taxonomy,not_applicable,2026-09-07-snapshot,2026-09-07,base attribute Pattern / handle pattern,Independent controlled taxonomy attribute.
s110,field,field:style,repository_code,Shopify,Standard Product Taxonomy,https://github.com/Shopify/product-taxonomy,not_applicable,2026-09-07-snapshot,2026-09-07,base attribute Style / handle style,Official Shopify taxonomy attribute.
s111,field,field:style,official_web_doc,Amazon,Manage Product Listings / LUGGAGE PTD example,https://developer-docs.amazon.com/sp-api/lang-en_EN/docs/manage-product-listings-guide,not_applicable,2026-09-07-snapshot,2026-09-07,propertyGroups.product_details.style,Independent product-type schema attribute.
s112,field,field:warranty,api_schema,BigCommerce,Catalog Products OpenAPI,https://docs.bigcommerce.com/openapi/admin-catalog-products.json,not_applicable,2026-09-07-snapshot,2026-09-07,Product.warranty,Official Product field.
s113,field,field:warranty,official_web_doc,Amazon,Manage Product Listings / LUGGAGE PTD example,https://developer-docs.amazon.com/sp-api/lang-en_EN/docs/manage-product-listings-guide,not_applicable,2026-09-07-snapshot,2026-09-07,propertyGroups.safety_and_compliance.warranty_description,Independent product-type schema attribute.
s114,field,field:product_highlights,api_schema,Google,Merchant API products_v1 discovery,https://merchantapi.googleapis.com/$discovery/rest?version=products_v1,not_applicable,2026-09-07-snapshot,2026-09-07,ProductAttributes.productHighlights,Official multi-value product highlights.
s115,field,field:product_highlights,official_web_doc,Amazon,Manage Product Listings / LUGGAGE PTD example,https://developer-docs.amazon.com/sp-api/lang-en_EN/docs/manage-product-listings-guide,not_applicable,2026-09-07-snapshot,2026-09-07,propertyGroups.product_details.bullet_point,Independent bullet-list product representation.
s116,applicability,applicability:a037,api_schema,Google,Merchant API products_v1 discovery,https://merchantapi.googleapis.com/$discovery/rest?version=products_v1,not_applicable,products_v1-2026-09-07,2026-09-07,ProductAttributes / ProductInput,Applicability evidence for name on google_merchant.
s117,mapping,mapping:google_merchant:name:title:a037:products_v1-2026-09-07,api_schema,Google,Merchant API products_v1 discovery,https://merchantapi.googleapis.com/$discovery/rest?version=products_v1,not_applicable,products_v1-2026-09-07,2026-09-07,ProductAttributes / ProductInput,Official mapping evidence for canonical name → title.
s118,applicability,applicability:a038,api_schema,Google,Merchant API products_v1 discovery,https://merchantapi.googleapis.com/$discovery/rest?version=products_v1,not_applicable,products_v1-2026-09-07,2026-09-07,ProductAttributes / ProductInput,Applicability evidence for description on google_merchant.
s119,mapping,mapping:google_merchant:description:description:a038:products_v1-2026-09-07,api_schema,Google,Merchant API products_v1 discovery,https://merchantapi.googleapis.com/$discovery/rest?version=products_v1,not_applicable,products_v1-2026-09-07,2026-09-07,ProductAttributes / ProductInput,Official mapping evidence for canonical description → description.
s120,applicability,applicability:a039,api_schema,Google,Merchant API products_v1 discovery,https://merchantapi.googleapis.com/$discovery/rest?version=products_v1,not_applicable,products_v1-2026-09-07,2026-09-07,ProductAttributes / ProductInput,Applicability evidence for brand on google_merchant.
s121,mapping,mapping:google_merchant:brand:brand:a039:products_v1-2026-09-07,api_schema,Google,Merchant API products_v1 discovery,https://merchantapi.googleapis.com/$discovery/rest?version=products_v1,not_applicable,products_v1-2026-09-07,2026-09-07,ProductAttributes / ProductInput,Official mapping evidence for canonical brand → brand.
s122,applicability,applicability:a040,api_schema,Google,Merchant API products_v1 discovery,https://merchantapi.googleapis.com/$discovery/rest?version=products_v1,not_applicable,products_v1-2026-09-07,2026-09-07,ProductAttributes / ProductInput,Applicability evidence for gtin on google_merchant.
s123,mapping,mapping:google_merchant:gtin:gtins:a040:products_v1-2026-09-07,api_schema,Google,Merchant API products_v1 discovery,https://merchantapi.googleapis.com/$discovery/rest?version=products_v1,not_applicable,products_v1-2026-09-07,2026-09-07,ProductAttributes / ProductInput,Official mapping evidence for canonical gtin → gtins.
s124,applicability,applicability:a041,api_schema,Google,Merchant API products_v1 discovery,https://merchantapi.googleapis.com/$discovery/rest?version=products_v1,not_applicable,products_v1-2026-09-07,2026-09-07,ProductAttributes / ProductInput,Applicability evidence for mpn on google_merchant.
s125,mapping,mapping:google_merchant:mpn:mpn:a041:products_v1-2026-09-07,api_schema,Google,Merchant API products_v1 discovery,https://merchantapi.googleapis.com/$discovery/rest?version=products_v1,not_applicable,products_v1-2026-09-07,2026-09-07,ProductAttributes / ProductInput,Official mapping evidence for canonical mpn → mpn.
s126,applicability,applicability:a042,api_schema,Google,Merchant API products_v1 discovery,https://merchantapi.googleapis.com/$discovery/rest?version=products_v1,not_applicable,products_v1-2026-09-07,2026-09-07,ProductAttributes / ProductInput,Applicability evidence for identifier_exists on google_merchant.
s127,mapping,mapping:google_merchant:identifier_exists:identifierExists:a042:products_v1-2026-09-07,api_schema,Google,Merchant API products_v1 discovery,https://merchantapi.googleapis.com/$discovery/rest?version=products_v1,not_applicable,products_v1-2026-09-07,2026-09-07,ProductAttributes / ProductInput,Official mapping evidence for canonical identifier_exists → identifierExists.
s128,applicability,applicability:a043,api_schema,Google,Merchant API products_v1 discovery,https://merchantapi.googleapis.com/$discovery/rest?version=products_v1,not_applicable,products_v1-2026-09-07,2026-09-07,ProductAttributes / ProductInput,Applicability evidence for condition on google_merchant.
s129,mapping,mapping:google_merchant:condition:condition:a043:products_v1-2026-09-07,api_schema,Google,Merchant API products_v1 discovery,https://merchantapi.googleapis.com/$discovery/rest?version=products_v1,not_applicable,products_v1-2026-09-07,2026-09-07,ProductAttributes / ProductInput,Official mapping evidence for canonical condition → condition.
s130,applicability,applicability:a044,api_schema,Google,Merchant API products_v1 discovery,https://merchantapi.googleapis.com/$discovery/rest?version=products_v1,not_applicable,products_v1-2026-09-07,2026-09-07,ProductAttributes / ProductInput,Applicability evidence for price on google_merchant.
s131,mapping,mapping:google_merchant:price:price:a044:products_v1-2026-09-07,api_schema,Google,Merchant API products_v1 discovery,https://merchantapi.googleapis.com/$discovery/rest?version=products_v1,not_applicable,products_v1-2026-09-07,2026-09-07,ProductAttributes / ProductInput,Official mapping evidence for canonical price → price.
s132,applicability,applicability:a045,api_schema,Google,Merchant API products_v1 discovery,https://merchantapi.googleapis.com/$discovery/rest?version=products_v1,not_applicable,products_v1-2026-09-07,2026-09-07,ProductAttributes / ProductInput,Applicability evidence for sale_price on google_merchant.
s133,mapping,mapping:google_merchant:sale_price:salePrice:a045:products_v1-2026-09-07,api_schema,Google,Merchant API products_v1 discovery,https://merchantapi.googleapis.com/$discovery/rest?version=products_v1,not_applicable,products_v1-2026-09-07,2026-09-07,ProductAttributes / ProductInput,Official mapping evidence for canonical sale_price → salePrice.
s134,applicability,applicability:a046,api_schema,Google,Merchant API products_v1 discovery,https://merchantapi.googleapis.com/$discovery/rest?version=products_v1,not_applicable,products_v1-2026-09-07,2026-09-07,ProductAttributes / ProductInput,Applicability evidence for availability on google_merchant.
s135,mapping,mapping:google_merchant:availability:availability:a046:products_v1-2026-09-07,api_schema,Google,Merchant API products_v1 discovery,https://merchantapi.googleapis.com/$discovery/rest?version=products_v1,not_applicable,products_v1-2026-09-07,2026-09-07,ProductAttributes / ProductInput,Official mapping evidence for canonical availability → availability.
s136,applicability,applicability:a047,api_schema,Google,Merchant API products_v1 discovery,https://merchantapi.googleapis.com/$discovery/rest?version=products_v1,not_applicable,products_v1-2026-09-07,2026-09-07,ProductAttributes / ProductInput,Applicability evidence for image on google_merchant.
s137,mapping,mapping:google_merchant:image:imageLink:a047:products_v1-2026-09-07,api_schema,Google,Merchant API products_v1 discovery,https://merchantapi.googleapis.com/$discovery/rest?version=products_v1,not_applicable,products_v1-2026-09-07,2026-09-07,ProductAttributes / ProductInput,Official mapping evidence for canonical image → imageLink.
s138,applicability,applicability:a048,api_schema,Google,Merchant API products_v1 discovery,https://merchantapi.googleapis.com/$discovery/rest?version=products_v1,not_applicable,products_v1-2026-09-07,2026-09-07,ProductAttributes / ProductInput,Applicability evidence for images on google_merchant.
s139,mapping,mapping:google_merchant:images:additionalImageLinks:a048:products_v1-2026-09-07,api_schema,Google,Merchant API products_v1 discovery,https://merchantapi.googleapis.com/$discovery/rest?version=products_v1,not_applicable,products_v1-2026-09-07,2026-09-07,ProductAttributes / ProductInput,Official mapping evidence for canonical images → additionalImageLinks.
s140,applicability,applicability:a049,api_schema,Google,Merchant API products_v1 discovery,https://merchantapi.googleapis.com/$discovery/rest?version=products_v1,not_applicable,products_v1-2026-09-07,2026-09-07,ProductAttributes / ProductInput,Applicability evidence for age_group on google_merchant.
s141,mapping,mapping:google_merchant:age_group:ageGroup:a049:products_v1-2026-09-07,api_schema,Google,Merchant API products_v1 discovery,https://merchantapi.googleapis.com/$discovery/rest?version=products_v1,not_applicable,products_v1-2026-09-07,2026-09-07,ProductAttributes / ProductInput,Official mapping evidence for canonical age_group → ageGroup.
s142,applicability,applicability:a050,api_schema,Google,Merchant API products_v1 discovery,https://merchantapi.googleapis.com/$discovery/rest?version=products_v1,not_applicable,products_v1-2026-09-07,2026-09-07,ProductAttributes / ProductInput,Applicability evidence for gender on google_merchant.
s143,mapping,mapping:google_merchant:gender:gender:a050:products_v1-2026-09-07,api_schema,Google,Merchant API products_v1 discovery,https://merchantapi.googleapis.com/$discovery/rest?version=products_v1,not_applicable,products_v1-2026-09-07,2026-09-07,ProductAttributes / ProductInput,Official mapping evidence for canonical gender → gender.
s144,applicability,applicability:a051,api_schema,Google,Merchant API products_v1 discovery,https://merchantapi.googleapis.com/$discovery/rest?version=products_v1,not_applicable,products_v1-2026-09-07,2026-09-07,ProductAttributes / ProductInput,Applicability evidence for color on google_merchant.
s145,mapping,mapping:google_merchant:color:color:a051:products_v1-2026-09-07,api_schema,Google,Merchant API products_v1 discovery,https://merchantapi.googleapis.com/$discovery/rest?version=products_v1,not_applicable,products_v1-2026-09-07,2026-09-07,ProductAttributes / ProductInput,Official mapping evidence for canonical color → color.
s146,applicability,applicability:a052,api_schema,Google,Merchant API products_v1 discovery,https://merchantapi.googleapis.com/$discovery/rest?version=products_v1,not_applicable,products_v1-2026-09-07,2026-09-07,ProductAttributes / ProductInput,Applicability evidence for size on google_merchant.
s147,mapping,mapping:google_merchant:size:size:a052:products_v1-2026-09-07,api_schema,Google,Merchant API products_v1 discovery,https://merchantapi.googleapis.com/$discovery/rest?version=products_v1,not_applicable,products_v1-2026-09-07,2026-09-07,ProductAttributes / ProductInput,Official mapping evidence for canonical size → size.
s148,applicability,applicability:a053,api_schema,Google,Merchant API products_v1 discovery,https://merchantapi.googleapis.com/$discovery/rest?version=products_v1,not_applicable,products_v1-2026-09-07,2026-09-07,ProductAttributes / ProductInput,Applicability evidence for material on google_merchant.
s149,mapping,mapping:google_merchant:material:material:a053:products_v1-2026-09-07,api_schema,Google,Merchant API products_v1 discovery,https://merchantapi.googleapis.com/$discovery/rest?version=products_v1,not_applicable,products_v1-2026-09-07,2026-09-07,ProductAttributes / ProductInput,Official mapping evidence for canonical material → material.
s150,applicability,applicability:a054,api_schema,Google,Merchant API products_v1 discovery,https://merchantapi.googleapis.com/$discovery/rest?version=products_v1,not_applicable,products_v1-2026-09-07,2026-09-07,ProductAttributes / ProductInput,Applicability evidence for pattern on google_merchant.
s151,mapping,mapping:google_merchant:pattern:pattern:a054:products_v1-2026-09-07,api_schema,Google,Merchant API products_v1 discovery,https://merchantapi.googleapis.com/$discovery/rest?version=products_v1,not_applicable,products_v1-2026-09-07,2026-09-07,ProductAttributes / ProductInput,Official mapping evidence for canonical pattern → pattern.
s152,applicability,applicability:a055,api_schema,Google,Merchant API products_v1 discovery,https://merchantapi.googleapis.com/$discovery/rest?version=products_v1,not_applicable,products_v1-2026-09-07,2026-09-07,ProductAttributes / ProductInput,Applicability evidence for product_highlights on google_merchant.
s153,mapping,mapping:google_merchant:product_highlights:productHighlights:a055:products_v1-2026-09-07,api_schema,Google,Merchant API products_v1 discovery,https://merchantapi.googleapis.com/$discovery/rest?version=products_v1,not_applicable,products_v1-2026-09-07,2026-09-07,ProductAttributes / ProductInput,Official mapping evidence for canonical product_highlights → productHighlights.
s154,applicability,applicability:a056,api_schema,Google,Merchant API products_v1 discovery,https://merchantapi.googleapis.com/$discovery/rest?version=products_v1,not_applicable,products_v1-2026-09-07,2026-09-07,ProductAttributes / ProductInput,Applicability evidence for net_weight on google_merchant.
s155,mapping,mapping:google_merchant:net_weight:productWeight:a056:products_v1-2026-09-07,api_schema,Google,Merchant API products_v1 discovery,https://merchantapi.googleapis.com/$discovery/rest?version=products_v1,not_applicable,products_v1-2026-09-07,2026-09-07,ProductAttributes / ProductInput,Provider evidence for productWeight as Google product weight; strict canonical net-weight packaging semantics remain unresolved under DEC-009.
s156,applicability,applicability:a057,api_schema,Google,Merchant API products_v1 discovery,https://merchantapi.googleapis.com/$discovery/rest?version=products_v1,not_applicable,products_v1-2026-09-07,2026-09-07,ProductAttributes / ProductInput,Applicability evidence for gross_weight on google_merchant.
s157,mapping,mapping:google_merchant:gross_weight:shippingWeight:a057:products_v1-2026-09-07,api_schema,Google,Merchant API products_v1 discovery,https://merchantapi.googleapis.com/$discovery/rest?version=products_v1,not_applicable,products_v1-2026-09-07,2026-09-07,ProductAttributes / ProductInput,Provider evidence for shippingWeight as Google shipping-calculation weight; canonical gross-weight packaging semantics remain unresolved under DEC-009.
s158,applicability,applicability:a058,api_schema,Google,Merchant API products_v1 discovery,https://merchantapi.googleapis.com/$discovery/rest?version=products_v1,not_applicable,products_v1-2026-09-07,2026-09-07,ProductAttributes / ProductInput,Applicability evidence for depth_mm on google_merchant.
s159,mapping,mapping:google_merchant:depth_mm:productLength:a058:products_v1-2026-09-07,api_schema,Google,Merchant API products_v1 discovery,https://merchantapi.googleapis.com/$discovery/rest?version=products_v1,not_applicable,products_v1-2026-09-07,2026-09-07,ProductAttributes / ProductInput,Official mapping evidence for canonical depth_mm → productLength.
s160,applicability,applicability:a059,api_schema,Google,Merchant API products_v1 discovery,https://merchantapi.googleapis.com/$discovery/rest?version=products_v1,not_applicable,products_v1-2026-09-07,2026-09-07,ProductAttributes / ProductInput,Applicability evidence for width_mm on google_merchant.
s161,mapping,mapping:google_merchant:width_mm:productWidth:a059:products_v1-2026-09-07,api_schema,Google,Merchant API products_v1 discovery,https://merchantapi.googleapis.com/$discovery/rest?version=products_v1,not_applicable,products_v1-2026-09-07,2026-09-07,ProductAttributes / ProductInput,Official mapping evidence for canonical width_mm → productWidth.
s162,applicability,applicability:a060,api_schema,Google,Merchant API products_v1 discovery,https://merchantapi.googleapis.com/$discovery/rest?version=products_v1,not_applicable,products_v1-2026-09-07,2026-09-07,ProductAttributes / ProductInput,Applicability evidence for height_mm on google_merchant.
s163,mapping,mapping:google_merchant:height_mm:productHeight:a060:products_v1-2026-09-07,api_schema,Google,Merchant API products_v1 discovery,https://merchantapi.googleapis.com/$discovery/rest?version=products_v1,not_applicable,products_v1-2026-09-07,2026-09-07,ProductAttributes / ProductInput,Official mapping evidence for canonical height_mm → productHeight.
s164,applicability,applicability:a061,api_schema,Google,Merchant API products_v1 discovery,https://merchantapi.googleapis.com/$discovery/rest?version=products_v1,not_applicable,products_v1-2026-09-07,2026-09-07,ProductAttributes / ProductInput,Applicability evidence for url on google_merchant.
s165,mapping,mapping:google_merchant:url:link:a061:products_v1-2026-09-07,api_schema,Google,Merchant API products_v1 discovery,https://merchantapi.googleapis.com/$discovery/rest?version=products_v1,not_applicable,products_v1-2026-09-07,2026-09-07,ProductAttributes / ProductInput,Official mapping evidence for canonical url → link.
s166,applicability,applicability:a062,api_schema,Google,Merchant API products_v1 discovery,https://merchantapi.googleapis.com/$discovery/rest?version=products_v1,not_applicable,products_v1-2026-09-07,2026-09-07,ProductAttributes / ProductInput,Applicability evidence for sku on google_merchant.
s167,mapping,mapping:google_merchant:sku:offerId:a062:products_v1-2026-09-07,api_schema,Google,Merchant API products_v1 discovery,https://merchantapi.googleapis.com/$discovery/rest?version=products_v1,not_applicable,products_v1-2026-09-07,2026-09-07,ProductAttributes / ProductInput,Official mapping evidence for canonical sku → offerId on the ProductInput surface.
s168,applicability,applicability:a063,api_schema,Shopify,Admin GraphQL 2026-07 Product / ProductVariant / InventoryItem,https://shopify.dev/docs/api/admin-graphql/2026-07,not_applicable,2026-07-admin-graphql,2026-09-07,Admin GraphQL schema/reference,Applicability evidence for name on shopify.
s169,mapping,mapping:shopify:name:Product.title:a063:2026-07-admin-graphql,api_schema,Shopify,Admin GraphQL 2026-07 Product / ProductVariant / InventoryItem,https://shopify.dev/docs/api/admin-graphql/2026-07,not_applicable,2026-07-admin-graphql,2026-09-07,Admin GraphQL schema/reference,Official mapping evidence for canonical name → Product.title.
s170,applicability,applicability:a064,api_schema,Shopify,Admin GraphQL 2026-07 Product / ProductVariant / InventoryItem,https://shopify.dev/docs/api/admin-graphql/2026-07,not_applicable,2026-07-admin-graphql,2026-09-07,Admin GraphQL schema/reference,Applicability evidence for description on shopify.
s171,mapping,mapping:shopify:description:Product.descriptionHtml:a064:2026-07-admin-graphql,api_schema,Shopify,Admin GraphQL 2026-07 Product / ProductVariant / InventoryItem,https://shopify.dev/docs/api/admin-graphql/2026-07,not_applicable,2026-07-admin-graphql,2026-09-07,Admin GraphQL schema/reference,Official mapping evidence for canonical description → Product.descriptionHtml.
s172,applicability,applicability:a065,api_schema,Shopify,Admin GraphQL 2026-07 Product / ProductVariant / InventoryItem,https://shopify.dev/docs/api/admin-graphql/2026-07,not_applicable,2026-07-admin-graphql,2026-09-07,Admin GraphQL schema/reference,Applicability evidence for status on shopify.
s173,mapping,mapping:shopify:status:Product.status:a065:2026-07-admin-graphql,api_schema,Shopify,Admin GraphQL 2026-07 Product / ProductVariant / InventoryItem,https://shopify.dev/docs/api/admin-graphql/2026-07,not_applicable,2026-07-admin-graphql,2026-09-07,Admin GraphQL schema/reference,Official mapping evidence for canonical status → Product.status.
s174,applicability,applicability:a066,api_schema,Shopify,Admin GraphQL 2026-07 Product / ProductVariant / InventoryItem,https://shopify.dev/docs/api/admin-graphql/2026-07,not_applicable,2026-07-admin-graphql,2026-09-07,Admin GraphQL schema/reference,Applicability evidence for sku on shopify.
s175,mapping,mapping:shopify:sku:ProductVariant.sku:a066:2026-07-admin-graphql,api_schema,Shopify,Admin GraphQL 2026-07 Product / ProductVariant / InventoryItem,https://shopify.dev/docs/api/admin-graphql/2026-07,not_applicable,2026-07-admin-graphql,2026-09-07,Admin GraphQL schema/reference,Official mapping evidence for canonical sku → ProductVariant.sku.
s176,applicability,applicability:a067,api_schema,Shopify,Admin GraphQL 2026-07 Product / ProductVariant / InventoryItem,https://shopify.dev/docs/api/admin-graphql/2026-07,not_applicable,2026-07-admin-graphql,2026-09-07,Admin GraphQL schema/reference,Applicability evidence for gtin on shopify.
s177,mapping,mapping:shopify:gtin:ProductVariant.barcode:a067:2026-07-admin-graphql,api_schema,Shopify,Admin GraphQL 2026-07 Product / ProductVariant / InventoryItem,https://shopify.dev/docs/api/admin-graphql/2026-07,not_applicable,2026-07-admin-graphql,2026-09-07,Admin GraphQL schema/reference,Official mapping evidence for canonical gtin → ProductVariant.barcode.
s178,applicability,applicability:a068,api_schema,Shopify,Admin GraphQL 2026-07 Product / ProductVariant / InventoryItem,https://shopify.dev/docs/api/admin-graphql/2026-07,not_applicable,2026-07-admin-graphql,2026-09-07,Admin GraphQL schema/reference,Applicability evidence for merchant_type on shopify.
s179,mapping,mapping:shopify:merchant_type:Product.productType:a068:2026-07-admin-graphql,api_schema,Shopify,Admin GraphQL 2026-07 Product / ProductVariant / InventoryItem,https://shopify.dev/docs/api/admin-graphql/2026-07,not_applicable,2026-07-admin-graphql,2026-09-07,Admin GraphQL schema/reference,Official mapping evidence for canonical merchant_type → Product.productType.
s180,applicability,applicability:a069,api_schema,Shopify,Admin GraphQL 2026-07 Product / ProductVariant / InventoryItem,https://shopify.dev/docs/api/admin-graphql/2026-07,not_applicable,2026-07-admin-graphql,2026-09-07,Admin GraphQL schema/reference,Applicability evidence for tags on shopify.
s181,mapping,mapping:shopify:tags:Product.tags:a069:2026-07-admin-graphql,api_schema,Shopify,Admin GraphQL 2026-07 Product / ProductVariant / InventoryItem,https://shopify.dev/docs/api/admin-graphql/2026-07,not_applicable,2026-07-admin-graphql,2026-09-07,Admin GraphQL schema/reference,Official mapping evidence for canonical tags → Product.tags.
s182,applicability,applicability:a070,api_schema,Shopify,Admin GraphQL 2026-07 Product / ProductVariant / InventoryItem,https://shopify.dev/docs/api/admin-graphql/2026-07,not_applicable,2026-07-admin-graphql,2026-09-07,Admin GraphQL schema/reference,Applicability evidence for meta_title on shopify.
s183,mapping,mapping:shopify:meta_title:Product.seo.title:a070:2026-07-admin-graphql,api_schema,Shopify,Admin GraphQL 2026-07 Product / ProductVariant / InventoryItem,https://shopify.dev/docs/api/admin-graphql/2026-07,not_applicable,2026-07-admin-graphql,2026-09-07,Admin GraphQL schema/reference,Official mapping evidence for canonical meta_title → Product.seo.title.
s184,applicability,applicability:a071,api_schema,Shopify,Admin GraphQL 2026-07 Product / ProductVariant / InventoryItem,https://shopify.dev/docs/api/admin-graphql/2026-07,not_applicable,2026-07-admin-graphql,2026-09-07,Admin GraphQL schema/reference,Applicability evidence for meta_description on shopify.
s185,mapping,mapping:shopify:meta_description:Product.seo.description:a071:2026-07-admin-graphql,api_schema,Shopify,Admin GraphQL 2026-07 Product / ProductVariant / InventoryItem,https://shopify.dev/docs/api/admin-graphql/2026-07,not_applicable,2026-07-admin-graphql,2026-09-07,Admin GraphQL schema/reference,Official mapping evidence for canonical meta_description → Product.seo.description.
s186,applicability,applicability:a072,api_schema,Shopify,Admin GraphQL 2026-07 Product / ProductVariant / InventoryItem,https://shopify.dev/docs/api/admin-graphql/2026-07,not_applicable,2026-07-admin-graphql,2026-09-07,Admin GraphQL schema/reference,Applicability evidence for country_of_origin on shopify.
s187,mapping,mapping:shopify:country_of_origin:InventoryItem.countryCodeOfOrigin:a072:2026-07-admin-graphql,api_schema,Shopify,Admin GraphQL 2026-07 Product / ProductVariant / InventoryItem,https://shopify.dev/docs/api/admin-graphql/2026-07,not_applicable,2026-07-admin-graphql,2026-09-07,Admin GraphQL schema/reference,Official mapping evidence for canonical country_of_origin → InventoryItem.countryCodeOfOrigin.
s188,applicability,applicability:a073,api_schema,Shopify,Admin GraphQL 2026-07 Product / ProductVariant / InventoryItem,https://shopify.dev/docs/api/admin-graphql/2026-07,not_applicable,2026-07-admin-graphql,2026-09-07,Admin GraphQL schema/reference,Applicability evidence for shipping_required on shopify.
s189,mapping,mapping:shopify:shipping_required:InventoryItem.requiresShipping:a073:2026-07-admin-graphql,api_schema,Shopify,Admin GraphQL 2026-07 Product / ProductVariant / InventoryItem,https://shopify.dev/docs/api/admin-graphql/2026-07,not_applicable,2026-07-admin-graphql,2026-09-07,Admin GraphQL schema/reference,Official mapping evidence for canonical shipping_required → InventoryItem.requiresShipping.
s190,applicability,applicability:a074,api_schema,Shopify,Admin GraphQL 2026-07 Product / ProductVariant / InventoryItem,https://shopify.dev/docs/api/admin-graphql/2026-07,not_applicable,2026-07-admin-graphql,2026-09-07,Admin GraphQL schema/reference,Applicability evidence for net_weight on shopify.
s191,mapping,mapping:shopify:net_weight:InventoryItem.measurement.weight:a074:2026-07-admin-graphql,api_schema,Shopify,Admin GraphQL 2026-07 Product / ProductVariant / InventoryItem,https://shopify.dev/docs/api/admin-graphql/2026-07,not_applicable,2026-07-admin-graphql,2026-09-07,Admin GraphQL schema/reference,Official mapping evidence for canonical net_weight → InventoryItem.measurement.weight.
s192,applicability,applicability:a075,api_schema,BigCommerce,Current Catalog OpenAPI 3.1,https://docs.bigcommerce.com/openapi/admin-catalog-products.json,not_applicable,v3-openapi-2026-09-07,2026-09-07,Product / ProductVariant schemas,Applicability evidence for name on bigcommerce.
s193,mapping,mapping:bigcommerce:name:Product.name:a075:v3-openapi-2026-09-07,api_schema,BigCommerce,Current Catalog OpenAPI 3.1,https://docs.bigcommerce.com/openapi/admin-catalog-products.json,not_applicable,v3-openapi-2026-09-07,2026-09-07,Product / ProductVariant schemas,Official mapping evidence for canonical name → Product.name.
s194,applicability,applicability:a076,api_schema,BigCommerce,Current Catalog OpenAPI 3.1,https://docs.bigcommerce.com/openapi/admin-catalog-products.json,not_applicable,v3-openapi-2026-09-07,2026-09-07,Product / ProductVariant schemas,Applicability evidence for description on bigcommerce.
s195,mapping,mapping:bigcommerce:description:Product.description:a076:v3-openapi-2026-09-07,api_schema,BigCommerce,Current Catalog OpenAPI 3.1,https://docs.bigcommerce.com/openapi/admin-catalog-products.json,not_applicable,v3-openapi-2026-09-07,2026-09-07,Product / ProductVariant schemas,Official mapping evidence for canonical description → Product.description.
s196,applicability,applicability:a077,api_schema,BigCommerce,Current Catalog OpenAPI 3.1,https://docs.bigcommerce.com/openapi/admin-catalog-products.json,not_applicable,v3-openapi-2026-09-07,2026-09-07,Product / ProductVariant schemas,Applicability evidence for brand on bigcommerce.
s197,mapping,mapping:bigcommerce:brand:Product.brand_name:a077:v3-openapi-2026-09-07,api_schema,BigCommerce,Current Catalog OpenAPI 3.1,https://docs.bigcommerce.com/openapi/admin-catalog-products.json,not_applicable,v3-openapi-2026-09-07,2026-09-07,Product / ProductVariant schemas,Official mapping evidence for canonical brand → Product.brand_name.
s198,applicability,applicability:a078,api_schema,BigCommerce,Current Catalog OpenAPI 3.1,https://docs.bigcommerce.com/openapi/admin-catalog-products.json,not_applicable,v3-openapi-2026-09-07,2026-09-07,Product / ProductVariant schemas,Applicability evidence for sku on bigcommerce.
s199,mapping,mapping:bigcommerce:sku:ProductVariant.sku:a078:v3-openapi-2026-09-07,api_schema,BigCommerce,Current Catalog OpenAPI 3.1,https://docs.bigcommerce.com/openapi/admin-catalog-products.json,not_applicable,v3-openapi-2026-09-07,2026-09-07,Product / ProductVariant schemas,Official mapping evidence for canonical sku → ProductVariant.sku.
s200,applicability,applicability:a079,api_schema,BigCommerce,Current Catalog OpenAPI 3.1,https://docs.bigcommerce.com/openapi/admin-catalog-products.json,not_applicable,v3-openapi-2026-09-07,2026-09-07,Product / ProductVariant schemas,Applicability evidence for gtin on bigcommerce.
s201,mapping,mapping:bigcommerce:gtin:ProductVariant.gtin:a079:v3-openapi-2026-09-07,api_schema,BigCommerce,Current Catalog OpenAPI 3.1,https://docs.bigcommerce.com/openapi/admin-catalog-products.json,not_applicable,v3-openapi-2026-09-07,2026-09-07,Product / ProductVariant schemas,Official mapping evidence for canonical gtin → ProductVariant.gtin.
s202,applicability,applicability:a080,api_schema,BigCommerce,Current Catalog OpenAPI 3.1,https://docs.bigcommerce.com/openapi/admin-catalog-products.json,not_applicable,v3-openapi-2026-09-07,2026-09-07,Product / ProductVariant schemas,Applicability evidence for mpn on bigcommerce.
s203,mapping,mapping:bigcommerce:mpn:ProductVariant.mpn:a080:v3-openapi-2026-09-07,api_schema,BigCommerce,Current Catalog OpenAPI 3.1,https://docs.bigcommerce.com/openapi/admin-catalog-products.json,not_applicable,v3-openapi-2026-09-07,2026-09-07,Product / ProductVariant schemas,Official mapping evidence for canonical mpn → ProductVariant.mpn.
s204,applicability,applicability:a081,api_schema,BigCommerce,Current Catalog OpenAPI 3.1,https://docs.bigcommerce.com/openapi/admin-catalog-products.json,not_applicable,v3-openapi-2026-09-07,2026-09-07,Product / ProductVariant schemas,Applicability evidence for price on bigcommerce.
s205,mapping,mapping:bigcommerce:price:ProductVariant.price:a081:v3-openapi-2026-09-07,api_schema,BigCommerce,Current Catalog OpenAPI 3.1,https://docs.bigcommerce.com/openapi/admin-catalog-products.json,not_applicable,v3-openapi-2026-09-07,2026-09-07,Product / ProductVariant schemas,Official mapping evidence for canonical price → ProductVariant.price.
s206,applicability,applicability:a082,api_schema,BigCommerce,Current Catalog OpenAPI 3.1,https://docs.bigcommerce.com/openapi/admin-catalog-products.json,not_applicable,v3-openapi-2026-09-07,2026-09-07,Product / ProductVariant schemas,Applicability evidence for sale_price on bigcommerce.
s207,mapping,mapping:bigcommerce:sale_price:ProductVariant.sale_price:a082:v3-openapi-2026-09-07,api_schema,BigCommerce,Current Catalog OpenAPI 3.1,https://docs.bigcommerce.com/openapi/admin-catalog-products.json,not_applicable,v3-openapi-2026-09-07,2026-09-07,Product / ProductVariant schemas,Official mapping evidence for canonical sale_price → ProductVariant.sale_price.
s208,applicability,applicability:a083,api_schema,BigCommerce,Current Catalog OpenAPI 3.1,https://docs.bigcommerce.com/openapi/admin-catalog-products.json,not_applicable,v3-openapi-2026-09-07,2026-09-07,Product / ProductVariant schemas,Applicability evidence for cost_price on bigcommerce.
s209,mapping,mapping:bigcommerce:cost_price:ProductVariant.cost_price:a083:v3-openapi-2026-09-07,api_schema,BigCommerce,Current Catalog OpenAPI 3.1,https://docs.bigcommerce.com/openapi/admin-catalog-products.json,not_applicable,v3-openapi-2026-09-07,2026-09-07,Product / ProductVariant schemas,Official mapping evidence for canonical cost_price → ProductVariant.cost_price.
s210,applicability,applicability:a084,api_schema,BigCommerce,Current Catalog OpenAPI 3.1,https://docs.bigcommerce.com/openapi/admin-catalog-products.json,not_applicable,v3-openapi-2026-09-07,2026-09-07,Product / ProductVariant schemas,Applicability evidence for recommended_retail_price on bigcommerce.
s211,mapping,mapping:bigcommerce:recommended_retail_price:ProductVariant.retail_price:a084:v3-openapi-2026-09-07,api_schema,BigCommerce,Current Catalog OpenAPI 3.1,https://docs.bigcommerce.com/openapi/admin-catalog-products.json,not_applicable,v3-openapi-2026-09-07,2026-09-07,Product / ProductVariant schemas,Official mapping evidence for canonical recommended_retail_price → ProductVariant.retail_price.
s212,applicability,applicability:a085,api_schema,BigCommerce,Current Catalog OpenAPI 3.1,https://docs.bigcommerce.com/openapi/admin-catalog-products.json,not_applicable,v3-openapi-2026-09-07,2026-09-07,Product / ProductVariant schemas,Applicability evidence for net_weight on bigcommerce.
s213,mapping,mapping:bigcommerce:net_weight:ProductVariant.weight:a085:v3-openapi-2026-09-07,api_schema,BigCommerce,Current Catalog OpenAPI 3.1,https://docs.bigcommerce.com/openapi/admin-catalog-products.json,not_applicable,v3-openapi-2026-09-07,2026-09-07,Product / ProductVariant schemas,Official mapping evidence for canonical net_weight → ProductVariant.weight.
s214,applicability,applicability:a086,api_schema,BigCommerce,Current Catalog OpenAPI 3.1,https://docs.bigcommerce.com/openapi/admin-catalog-products.json,not_applicable,v3-openapi-2026-09-07,2026-09-07,Product / ProductVariant schemas,Applicability evidence for depth_mm on bigcommerce.
s215,mapping,mapping:bigcommerce:depth_mm:ProductVariant.depth:a086:v3-openapi-2026-09-07,api_schema,BigCommerce,Current Catalog OpenAPI 3.1,https://docs.bigcommerce.com/openapi/admin-catalog-products.json,not_applicable,v3-openapi-2026-09-07,2026-09-07,Product / ProductVariant schemas,Official mapping evidence for canonical depth_mm → ProductVariant.depth.
s216,applicability,applicability:a087,api_schema,BigCommerce,Current Catalog OpenAPI 3.1,https://docs.bigcommerce.com/openapi/admin-catalog-products.json,not_applicable,v3-openapi-2026-09-07,2026-09-07,Product / ProductVariant schemas,Applicability evidence for width_mm on bigcommerce.
s217,mapping,mapping:bigcommerce:width_mm:ProductVariant.width:a087:v3-openapi-2026-09-07,api_schema,BigCommerce,Current Catalog OpenAPI 3.1,https://docs.bigcommerce.com/openapi/admin-catalog-products.json,not_applicable,v3-openapi-2026-09-07,2026-09-07,Product / ProductVariant schemas,Official mapping evidence for canonical width_mm → ProductVariant.width.
s218,applicability,applicability:a088,api_schema,BigCommerce,Current Catalog OpenAPI 3.1,https://docs.bigcommerce.com/openapi/admin-catalog-products.json,not_applicable,v3-openapi-2026-09-07,2026-09-07,Product / ProductVariant schemas,Applicability evidence for height_mm on bigcommerce.
s219,mapping,mapping:bigcommerce:height_mm:ProductVariant.height:a088:v3-openapi-2026-09-07,api_schema,BigCommerce,Current Catalog OpenAPI 3.1,https://docs.bigcommerce.com/openapi/admin-catalog-products.json,not_applicable,v3-openapi-2026-09-07,2026-09-07,Product / ProductVariant schemas,Official mapping evidence for canonical height_mm → ProductVariant.height.
s220,applicability,applicability:a089,api_schema,BigCommerce,Current Catalog OpenAPI 3.1,https://docs.bigcommerce.com/openapi/admin-catalog-products.json,not_applicable,v3-openapi-2026-09-07,2026-09-07,Product / ProductVariant schemas,Applicability evidence for meta_title on bigcommerce.
s221,mapping,mapping:bigcommerce:meta_title:Product.page_title:a089:v3-openapi-2026-09-07,api_schema,BigCommerce,Current Catalog OpenAPI 3.1,https://docs.bigcommerce.com/openapi/admin-catalog-products.json,not_applicable,v3-openapi-2026-09-07,2026-09-07,Product / ProductVariant schemas,Official mapping evidence for canonical meta_title → Product.page_title.
s222,applicability,applicability:a090,api_schema,BigCommerce,Current Catalog OpenAPI 3.1,https://docs.bigcommerce.com/openapi/admin-catalog-products.json,not_applicable,v3-openapi-2026-09-07,2026-09-07,Product / ProductVariant schemas,Applicability evidence for meta_description on bigcommerce.
s223,mapping,mapping:bigcommerce:meta_description:Product.meta_description:a090:v3-openapi-2026-09-07,api_schema,BigCommerce,Current Catalog OpenAPI 3.1,https://docs.bigcommerce.com/openapi/admin-catalog-products.json,not_applicable,v3-openapi-2026-09-07,2026-09-07,Product / ProductVariant schemas,Official mapping evidence for canonical meta_description → Product.meta_description.
s224,applicability,applicability:a091,api_schema,BigCommerce,Current Catalog OpenAPI 3.1,https://docs.bigcommerce.com/openapi/admin-catalog-products.json,not_applicable,v3-openapi-2026-09-07,2026-09-07,Product / ProductVariant schemas,Applicability evidence for warranty on bigcommerce.
s225,mapping,mapping:bigcommerce:warranty:Product.warranty:a091:v3-openapi-2026-09-07,api_schema,BigCommerce,Current Catalog OpenAPI 3.1,https://docs.bigcommerce.com/openapi/admin-catalog-products.json,not_applicable,v3-openapi-2026-09-07,2026-09-07,Product / ProductVariant schemas,Official mapping evidence for canonical warranty → Product.warranty.
s226,applicability,applicability:a092,api_schema,BigCommerce,Current Catalog OpenAPI 3.1,https://docs.bigcommerce.com/openapi/admin-catalog-products.json,not_applicable,v3-openapi-2026-09-07,2026-09-07,Product / ProductVariant schemas,Applicability evidence for min_order_quantity on bigcommerce.
s227,mapping,mapping:bigcommerce:min_order_quantity:Product.order_quantity_minimum:a092:v3-openapi-2026-09-07,api_schema,BigCommerce,Current Catalog OpenAPI 3.1,https://docs.bigcommerce.com/openapi/admin-catalog-products.json,not_applicable,v3-openapi-2026-09-07,2026-09-07,Product / ProductVariant schemas,Official mapping evidence for canonical min_order_quantity → Product.order_quantity_minimum.
s228,applicability,applicability:a093,api_schema,Amazon,Manage Product Listings — public LUGGAGE PTD example,https://developer-docs.amazon.com/sp-api/lang-en_EN/docs/manage-product-listings-guide,not_applicable,ptd-2020-09-01-luggage-public-example,2026-09-07,ProductTypeDefinition.propertyGroups,Applicability evidence for name on amazon.
s229,mapping,mapping:amazon:name:item_name:a093:ptd-2020-09-01-luggage-public-example,api_schema,Amazon,Manage Product Listings — public LUGGAGE PTD example,https://developer-docs.amazon.com/sp-api/lang-en_EN/docs/manage-product-listings-guide,not_applicable,ptd-2020-09-01-luggage-public-example,2026-09-07,ProductTypeDefinition.propertyGroups,Official mapping evidence for canonical name → item_name.
s230,applicability,applicability:a094,api_schema,Amazon,Manage Product Listings — public LUGGAGE PTD example,https://developer-docs.amazon.com/sp-api/lang-en_EN/docs/manage-product-listings-guide,not_applicable,ptd-2020-09-01-luggage-public-example,2026-09-07,ProductTypeDefinition.propertyGroups,Applicability evidence for brand on amazon.
s231,mapping,mapping:amazon:brand:brand:a094:ptd-2020-09-01-luggage-public-example,api_schema,Amazon,Manage Product Listings — public LUGGAGE PTD example,https://developer-docs.amazon.com/sp-api/lang-en_EN/docs/manage-product-listings-guide,not_applicable,ptd-2020-09-01-luggage-public-example,2026-09-07,ProductTypeDefinition.propertyGroups,Official mapping evidence for canonical brand → brand.
s232,applicability,applicability:a095,api_schema,Amazon,Manage Product Listings — public LUGGAGE PTD example,https://developer-docs.amazon.com/sp-api/lang-en_EN/docs/manage-product-listings-guide,not_applicable,ptd-2020-09-01-luggage-public-example,2026-09-07,ProductTypeDefinition.propertyGroups,Applicability evidence for description on amazon.
s233,mapping,mapping:amazon:description:product_description:a095:ptd-2020-09-01-luggage-public-example,api_schema,Amazon,Manage Product Listings — public LUGGAGE PTD example,https://developer-docs.amazon.com/sp-api/lang-en_EN/docs/manage-product-listings-guide,not_applicable,ptd-2020-09-01-luggage-public-example,2026-09-07,ProductTypeDefinition.propertyGroups,Official mapping evidence for canonical description → product_description.
s234,applicability,applicability:a096,api_schema,Amazon,Manage Product Listings — public LUGGAGE PTD example,https://developer-docs.amazon.com/sp-api/lang-en_EN/docs/manage-product-listings-guide,not_applicable,ptd-2020-09-01-luggage-public-example,2026-09-07,ProductTypeDefinition.propertyGroups,Applicability evidence for gtin on amazon.
s235,mapping,mapping:amazon:gtin:externally_assigned_product_identifier:a096:ptd-2020-09-01-luggage-public-example,api_schema,Amazon,Manage Product Listings — public LUGGAGE PTD example,https://developer-docs.amazon.com/sp-api/lang-en_EN/docs/manage-product-listings-guide,not_applicable,ptd-2020-09-01-luggage-public-example,2026-09-07,ProductTypeDefinition.propertyGroups,Official mapping evidence for canonical gtin → externally_assigned_product_identifier.
s236,applicability,applicability:a097,api_schema,Amazon,Manage Product Listings — public LUGGAGE PTD example,https://developer-docs.amazon.com/sp-api/lang-en_EN/docs/manage-product-listings-guide,not_applicable,ptd-2020-09-01-luggage-public-example,2026-09-07,ProductTypeDefinition.propertyGroups,Applicability evidence for condition on amazon.
s237,mapping,mapping:amazon:condition:condition_type:a097:ptd-2020-09-01-luggage-public-example,api_schema,Amazon,Manage Product Listings — public LUGGAGE PTD example,https://developer-docs.amazon.com/sp-api/lang-en_EN/docs/manage-product-listings-guide,not_applicable,ptd-2020-09-01-luggage-public-example,2026-09-07,ProductTypeDefinition.propertyGroups,Official mapping evidence for canonical condition → condition_type.
s238,applicability,applicability:a098,api_schema,Amazon,Manage Product Listings — public LUGGAGE PTD example,https://developer-docs.amazon.com/sp-api/lang-en_EN/docs/manage-product-listings-guide,not_applicable,ptd-2020-09-01-luggage-public-example,2026-09-07,ProductTypeDefinition.propertyGroups,Applicability evidence for country_of_origin on amazon.
s239,mapping,mapping:amazon:country_of_origin:country_of_origin:a098:ptd-2020-09-01-luggage-public-example,api_schema,Amazon,Manage Product Listings — public LUGGAGE PTD example,https://developer-docs.amazon.com/sp-api/lang-en_EN/docs/manage-product-listings-guide,not_applicable,ptd-2020-09-01-luggage-public-example,2026-09-07,ProductTypeDefinition.propertyGroups,Official mapping evidence for canonical country_of_origin → country_of_origin.
s240,applicability,applicability:a099,api_schema,Amazon,Manage Product Listings — public LUGGAGE PTD example,https://developer-docs.amazon.com/sp-api/lang-en_EN/docs/manage-product-listings-guide,not_applicable,ptd-2020-09-01-luggage-public-example,2026-09-07,ProductTypeDefinition.propertyGroups,Applicability evidence for manufacturer on amazon.
s241,mapping,mapping:amazon:manufacturer:manufacturer:a099:ptd-2020-09-01-luggage-public-example,api_schema,Amazon,Manage Product Listings — public LUGGAGE PTD example,https://developer-docs.amazon.com/sp-api/lang-en_EN/docs/manage-product-listings-guide,not_applicable,ptd-2020-09-01-luggage-public-example,2026-09-07,ProductTypeDefinition.propertyGroups,Official mapping evidence for canonical manufacturer → manufacturer.
s242,applicability,applicability:a100,api_schema,Amazon,Manage Product Listings — public LUGGAGE PTD example,https://developer-docs.amazon.com/sp-api/lang-en_EN/docs/manage-product-listings-guide,not_applicable,ptd-2020-09-01-luggage-public-example,2026-09-07,ProductTypeDefinition.propertyGroups,Applicability evidence for model on amazon.
s243,mapping,mapping:amazon:model:model_number:a100:ptd-2020-09-01-luggage-public-example,api_schema,Amazon,Manage Product Listings — public LUGGAGE PTD example,https://developer-docs.amazon.com/sp-api/lang-en_EN/docs/manage-product-listings-guide,not_applicable,ptd-2020-09-01-luggage-public-example,2026-09-07,ProductTypeDefinition.propertyGroups,Official mapping evidence for canonical model → model_number.
s244,applicability,applicability:a101,api_schema,Amazon,Manage Product Listings — public LUGGAGE PTD example,https://developer-docs.amazon.com/sp-api/lang-en_EN/docs/manage-product-listings-guide,not_applicable,ptd-2020-09-01-luggage-public-example,2026-09-07,ProductTypeDefinition.propertyGroups,Applicability evidence for material on amazon.
s245,mapping,mapping:amazon:material:material:a101:ptd-2020-09-01-luggage-public-example,api_schema,Amazon,Manage Product Listings — public LUGGAGE PTD example,https://developer-docs.amazon.com/sp-api/lang-en_EN/docs/manage-product-listings-guide,not_applicable,ptd-2020-09-01-luggage-public-example,2026-09-07,ProductTypeDefinition.propertyGroups,Official mapping evidence for canonical material → material.
s246,applicability,applicability:a102,api_schema,Amazon,Manage Product Listings — public LUGGAGE PTD example,https://developer-docs.amazon.com/sp-api/lang-en_EN/docs/manage-product-listings-guide,not_applicable,ptd-2020-09-01-luggage-public-example,2026-09-07,ProductTypeDefinition.propertyGroups,Applicability evidence for age_group on amazon.
s247,mapping,mapping:amazon:age_group:age_range_description:a102:ptd-2020-09-01-luggage-public-example,api_schema,Amazon,Manage Product Listings — public LUGGAGE PTD example,https://developer-docs.amazon.com/sp-api/lang-en_EN/docs/manage-product-listings-guide,not_applicable,ptd-2020-09-01-luggage-public-example,2026-09-07,ProductTypeDefinition.propertyGroups,Official mapping evidence for canonical age_group → age_range_description.
s248,applicability,applicability:a103,api_schema,Amazon,Manage Product Listings — public LUGGAGE PTD example,https://developer-docs.amazon.com/sp-api/lang-en_EN/docs/manage-product-listings-guide,not_applicable,ptd-2020-09-01-luggage-public-example,2026-09-07,ProductTypeDefinition.propertyGroups,Applicability evidence for gender on amazon.
s249,mapping,mapping:amazon:gender:target_gender:a103:ptd-2020-09-01-luggage-public-example,api_schema,Amazon,Manage Product Listings — public LUGGAGE PTD example,https://developer-docs.amazon.com/sp-api/lang-en_EN/docs/manage-product-listings-guide,not_applicable,ptd-2020-09-01-luggage-public-example,2026-09-07,ProductTypeDefinition.propertyGroups,Official mapping evidence for canonical gender → target_gender.
s250,applicability,applicability:a104,api_schema,Amazon,Manage Product Listings — public LUGGAGE PTD example,https://developer-docs.amazon.com/sp-api/lang-en_EN/docs/manage-product-listings-guide,not_applicable,ptd-2020-09-01-luggage-public-example,2026-09-07,ProductTypeDefinition.propertyGroups,Applicability evidence for color on amazon.
s251,mapping,mapping:amazon:color:color:a104:ptd-2020-09-01-luggage-public-example,api_schema,Amazon,Manage Product Listings — public LUGGAGE PTD example,https://developer-docs.amazon.com/sp-api/lang-en_EN/docs/manage-product-listings-guide,not_applicable,ptd-2020-09-01-luggage-public-example,2026-09-07,ProductTypeDefinition.propertyGroups,Official mapping evidence for canonical color → color.
s252,applicability,applicability:a105,api_schema,Amazon,Manage Product Listings — public LUGGAGE PTD example,https://developer-docs.amazon.com/sp-api/lang-en_EN/docs/manage-product-listings-guide,not_applicable,ptd-2020-09-01-luggage-public-example,2026-09-07,ProductTypeDefinition.propertyGroups,Applicability evidence for size on amazon.
s253,mapping,mapping:amazon:size:size:a105:ptd-2020-09-01-luggage-public-example,api_schema,Amazon,Manage Product Listings — public LUGGAGE PTD example,https://developer-docs.amazon.com/sp-api/lang-en_EN/docs/manage-product-listings-guide,not_applicable,ptd-2020-09-01-luggage-public-example,2026-09-07,ProductTypeDefinition.propertyGroups,Official mapping evidence for canonical size → size.
s254,applicability,applicability:a106,api_schema,Amazon,Manage Product Listings — public LUGGAGE PTD example,https://developer-docs.amazon.com/sp-api/lang-en_EN/docs/manage-product-listings-guide,not_applicable,ptd-2020-09-01-luggage-public-example,2026-09-07,ProductTypeDefinition.propertyGroups,Applicability evidence for style on amazon.
s255,mapping,mapping:amazon:style:style:a106:ptd-2020-09-01-luggage-public-example,api_schema,Amazon,Manage Product Listings — public LUGGAGE PTD example,https://developer-docs.amazon.com/sp-api/lang-en_EN/docs/manage-product-listings-guide,not_applicable,ptd-2020-09-01-luggage-public-example,2026-09-07,ProductTypeDefinition.propertyGroups,Official mapping evidence for canonical style → style.
s256,applicability,applicability:a107,api_schema,Amazon,Manage Product Listings — public LUGGAGE PTD example,https://developer-docs.amazon.com/sp-api/lang-en_EN/docs/manage-product-listings-guide,not_applicable,ptd-2020-09-01-luggage-public-example,2026-09-07,ProductTypeDefinition.propertyGroups,Applicability evidence for warranty on amazon.
s257,mapping,mapping:amazon:warranty:warranty_description:a107:ptd-2020-09-01-luggage-public-example,api_schema,Amazon,Manage Product Listings — public LUGGAGE PTD example,https://developer-docs.amazon.com/sp-api/lang-en_EN/docs/manage-product-listings-guide,not_applicable,ptd-2020-09-01-luggage-public-example,2026-09-07,ProductTypeDefinition.propertyGroups,Official mapping evidence for canonical warranty → warranty_description.
s258,applicability,applicability:a108,api_schema,Amazon,Manage Product Listings — public LUGGAGE PTD example,https://developer-docs.amazon.com/sp-api/lang-en_EN/docs/manage-product-listings-guide,not_applicable,ptd-2020-09-01-luggage-public-example,2026-09-07,ProductTypeDefinition.propertyGroups,Applicability evidence for product_highlights on amazon.
s259,mapping,mapping:amazon:product_highlights:bullet_point:a108:ptd-2020-09-01-luggage-public-example,api_schema,Amazon,Manage Product Listings — public LUGGAGE PTD example,https://developer-docs.amazon.com/sp-api/lang-en_EN/docs/manage-product-listings-guide,not_applicable,ptd-2020-09-01-luggage-public-example,2026-09-07,ProductTypeDefinition.propertyGroups,Official mapping evidence for canonical product_highlights → bullet_point.
s260,applicability,applicability:a109,api_schema,Amazon,Manage Product Listings — public LUGGAGE PTD example,https://developer-docs.amazon.com/sp-api/lang-en_EN/docs/manage-product-listings-guide,not_applicable,ptd-2020-09-01-luggage-public-example,2026-09-07,ProductTypeDefinition.propertyGroups,Applicability evidence for recommended_retail_price on amazon.
s261,mapping,mapping:amazon:recommended_retail_price:list_price:a109:ptd-2020-09-01-luggage-public-example,api_schema,Amazon,Manage Product Listings — public LUGGAGE PTD example,https://developer-docs.amazon.com/sp-api/lang-en_EN/docs/manage-product-listings-guide,not_applicable,ptd-2020-09-01-luggage-public-example,2026-09-07,ProductTypeDefinition.propertyGroups,Official mapping evidence for canonical recommended_retail_price → list_price.
s262,applicability,applicability:a110,api_schema,Amazon,Manage Product Listings — public LUGGAGE PTD example,https://developer-docs.amazon.com/sp-api/lang-en_EN/docs/manage-product-listings-guide,not_applicable,ptd-2020-09-01-luggage-public-example,2026-09-07,ProductTypeDefinition.propertyGroups,Applicability evidence for net_weight on amazon.
s263,mapping,mapping:amazon:net_weight:item_weight:a110:ptd-2020-09-01-luggage-public-example,api_schema,Amazon,Manage Product Listings — public LUGGAGE PTD example,https://developer-docs.amazon.com/sp-api/lang-en_EN/docs/manage-product-listings-guide,not_applicable,ptd-2020-09-01-luggage-public-example,2026-09-07,ProductTypeDefinition.propertyGroups,Official mapping evidence for canonical net_weight → item_weight.
s264,applicability,applicability:a111,api_schema,Amazon,Manage Product Listings — public LUGGAGE PTD example,https://developer-docs.amazon.com/sp-api/lang-en_EN/docs/manage-product-listings-guide,not_applicable,ptd-2020-09-01-luggage-public-example,2026-09-07,ProductTypeDefinition.propertyGroups,Applicability evidence for gross_weight on amazon.
s265,mapping,mapping:amazon:gross_weight:item_package_weight:a111:ptd-2020-09-01-luggage-public-example,api_schema,Amazon,Manage Product Listings — public LUGGAGE PTD example,https://developer-docs.amazon.com/sp-api/lang-en_EN/docs/manage-product-listings-guide,not_applicable,ptd-2020-09-01-luggage-public-example,2026-09-07,ProductTypeDefinition.propertyGroups,Official mapping evidence for canonical gross_weight → item_package_weight.
s266,applicability,applicability:a112,api_schema,Amazon,Manage Product Listings — public LUGGAGE PTD example,https://developer-docs.amazon.com/sp-api/lang-en_EN/docs/manage-product-listings-guide,not_applicable,ptd-2020-09-01-luggage-public-example,2026-09-07,ProductTypeDefinition.propertyGroups,Applicability evidence for package_quantity on amazon.
s267,mapping,mapping:amazon:package_quantity:number_of_items:a112:ptd-2020-09-01-luggage-public-example,api_schema,Amazon,Manage Product Listings — public LUGGAGE PTD example,https://developer-docs.amazon.com/sp-api/lang-en_EN/docs/manage-product-listings-guide,not_applicable,ptd-2020-09-01-luggage-public-example,2026-09-07,ProductTypeDefinition.propertyGroups,Official mapping evidence for canonical package_quantity → number_of_items.
