external_field,type_or_ref,classification,description,api_surface,read_semantics,write_semantics,source_version,verified_at,source_url
additionalImageLinks,array[string],media_domain,Additional URLs of images of the item.,Merchant API products_v1 ProductAttributes,processed Product output,ProductInput.productAttributes when allowed by Product Data Specification,products_v1,2026-09-07,https://merchantapi.googleapis.com/$discovery/rest?version=products_v1
adsGrouping,string,channel_context,"Used to group items in an arbitrary way. Only for CPA%, discouraged otherwise. For more information, see [Display ads attribute](https://support.google.com/merchants/answer/6069387).",Merchant API products_v1 ProductAttributes,processed Product output,ProductInput.productAttributes when allowed by Product Data Specification,products_v1,2026-09-07,https://merchantapi.googleapis.com/$discovery/rest?version=products_v1
adsLabels,array[string],channel_context,"Similar to ads_grouping, but only works on CPC.",Merchant API products_v1 ProductAttributes,processed Product output,ProductInput.productAttributes when allowed by Product Data Specification,products_v1,2026-09-07,https://merchantapi.googleapis.com/$discovery/rest?version=products_v1
adsRedirect,string,channel_context,Allows advertisers to override the item URL when the product is shown within the context of Product ads.,Merchant API products_v1 ProductAttributes,processed Product output,ProductInput.productAttributes when allowed by Product Data Specification,products_v1,2026-09-07,https://merchantapi.googleapis.com/$discovery/rest?version=products_v1
adult,boolean,semantic_product_field,Set to true if the item is targeted towards adults.,Merchant API products_v1 ProductAttributes,processed Product output,ProductInput.productAttributes when allowed by Product Data Specification,products_v1,2026-09-07,https://merchantapi.googleapis.com/$discovery/rest?version=products_v1
ageGroup,string,semantic_product_field,Target [age group](https://support.google.com/merchants/answer/6324463) of the item.,Merchant API products_v1 ProductAttributes,processed Product output,ProductInput.productAttributes when allowed by Product Data Specification,products_v1,2026-09-07,https://merchantapi.googleapis.com/$discovery/rest?version=products_v1
amenityFeature,array[string],specialized_vertical_field:property,The amenity features for the property.,Merchant API products_v1 ProductAttributes,processed Product output,ProductInput.productAttributes when allowed by Product Data Specification,products_v1,2026-09-07,https://merchantapi.googleapis.com/$discovery/rest?version=products_v1
autoPricingMinPrice,ref:Price,pricing_or_commercial_domain,"A safeguard in the [automated discounts] (https://support.google.com/merchants/answer/10295759) and ""Dynamic Promotions"" (https://support.google.com/merchants/answer/13949249) projects, ensuring that discounts on business offers do not fall below this value, thereby preserving the offer's value and profitability.",Merchant API products_v1 ProductAttributes,processed Product output,ProductInput.productAttributes when allowed by Product Data Specification,products_v1,2026-09-07,https://merchantapi.googleapis.com/$discovery/rest?version=products_v1
availability,string,semantic_product_field,[Availability](https://support.google.com/merchants/answer/6324448) status of the item.,Merchant API products_v1 ProductAttributes,processed Product output,ProductInput.productAttributes when allowed by Product Data Specification,products_v1,2026-09-07,https://merchantapi.googleapis.com/$discovery/rest?version=products_v1
availabilityDate,string,semantic_product_field,"The day a pre-ordered product becomes available for delivery, in [ISO 8601](http://en.wikipedia.org/wiki/ISO_8601) format.",Merchant API products_v1 ProductAttributes,processed Product output,ProductInput.productAttributes when allowed by Product Data Specification,products_v1,2026-09-07,https://merchantapi.googleapis.com/$discovery/rest?version=products_v1
bodyStyle,string,specialized_vertical_field:vehicle,The [body style](https://support.google.com/google-ads/answer/14157085) of the vehicle.,Merchant API products_v1 ProductAttributes,processed Product output,ProductInput.productAttributes when allowed by Product Data Specification,products_v1,2026-09-07,https://merchantapi.googleapis.com/$discovery/rest?version=products_v1
brand,string,identifier_or_identity_semantic,"[Brand](https://support.google.com/merchants/answer/6324351) of the item. For example, ""Google"".",Merchant API products_v1 ProductAttributes,processed Product output,ProductInput.productAttributes when allowed by Product Data Specification,products_v1,2026-09-07,https://merchantapi.googleapis.com/$discovery/rest?version=products_v1
canonicalLink,string,semantic_product_field,URL for the canonical version of your item's landing page.,Merchant API products_v1 ProductAttributes,processed Product output,ProductInput.productAttributes when allowed by Product Data Specification,products_v1,2026-09-07,https://merchantapi.googleapis.com/$discovery/rest?version=products_v1
carrierShipping,array[CarrierShipping],shipping_returns_domain,Rules for carrier-based shipping.,Merchant API products_v1 ProductAttributes,processed Product output,ProductInput.productAttributes when allowed by Product Data Specification,products_v1,2026-09-07,https://merchantapi.googleapis.com/$discovery/rest?version=products_v1
certifications,array[ProductCertification],semantic_product_field,"Product Certifications, for example for energy efficiency labeling of products recorded in the [EU EPREL](https://eprel.ec.europa.eu/screen/home) database. For more information, see [Certification](https://support.google.com/merchants/answer/13528839).",Merchant API products_v1 ProductAttributes,processed Product output,ProductInput.productAttributes when allowed by Product Data Specification,products_v1,2026-09-07,https://merchantapi.googleapis.com/$discovery/rest?version=products_v1
certifiedPreOwned,boolean,specialized_vertical_field:vehicle,Whether the vehicle is OEM [certified pre-owned](https://support.google.com/google-ads/answer/14156475).,Merchant API products_v1 ProductAttributes,processed Product output,ProductInput.productAttributes when allowed by Product Data Specification,products_v1,2026-09-07,https://merchantapi.googleapis.com/$discovery/rest?version=products_v1
cloudExportAdditionalProperties,array[CloudExportAdditionalProperties],channel_context,Extra fields to export to the Cloud Retail program.,Merchant API products_v1 ProductAttributes,processed Product output,ProductInput.productAttributes when allowed by Product Data Specification,products_v1,2026-09-07,https://merchantapi.googleapis.com/$discovery/rest?version=products_v1
co2Emissions,ref:Co2Emissions,specialized_vertical_field:vehicle,The [co2 emission](https://support.google.com/google-ads/answer/14546146) of the vehicle.,Merchant API products_v1 ProductAttributes,processed Product output,ProductInput.productAttributes when allowed by Product Data Specification,products_v1,2026-09-07,https://merchantapi.googleapis.com/$discovery/rest?version=products_v1
color,string,semantic_product_field,"[Color](https://support.google.com/merchants/answer/6324487) of the item. For example, ""red"".",Merchant API products_v1 ProductAttributes,processed Product output,ProductInput.productAttributes when allowed by Product Data Specification,products_v1,2026-09-07,https://merchantapi.googleapis.com/$discovery/rest?version=products_v1
condition,string,semantic_product_field,[Condition](https://support.google.com/merchants/answer/6324469) or state of the item.,Merchant API products_v1 ProductAttributes,processed Product output,ProductInput.productAttributes when allowed by Product Data Specification,products_v1,2026-09-07,https://merchantapi.googleapis.com/$discovery/rest?version=products_v1
costOfGoodsSold,ref:Price,pricing_or_commercial_domain,Cost of goods sold. Used for gross profit reporting.,Merchant API products_v1 ProductAttributes,processed Product output,ProductInput.productAttributes when allowed by Product Data Specification,products_v1,2026-09-07,https://merchantapi.googleapis.com/$discovery/rest?version=products_v1
customLabel0,string,channel_context,[Custom label 0](https://support.google.com/merchants/answer/6324473) for custom grouping of items in a Shopping campaign.,Merchant API products_v1 ProductAttributes,processed Product output,ProductInput.productAttributes when allowed by Product Data Specification,products_v1,2026-09-07,https://merchantapi.googleapis.com/$discovery/rest?version=products_v1
customLabel1,string,channel_context,[Custom label 1](https://support.google.com/merchants/answer/6324473) for custom grouping of items in a Shopping campaign.,Merchant API products_v1 ProductAttributes,processed Product output,ProductInput.productAttributes when allowed by Product Data Specification,products_v1,2026-09-07,https://merchantapi.googleapis.com/$discovery/rest?version=products_v1
customLabel2,string,channel_context,[Custom label 2](https://support.google.com/merchants/answer/6324473) for custom grouping of items in a Shopping campaign.,Merchant API products_v1 ProductAttributes,processed Product output,ProductInput.productAttributes when allowed by Product Data Specification,products_v1,2026-09-07,https://merchantapi.googleapis.com/$discovery/rest?version=products_v1
customLabel3,string,channel_context,[Custom label 3](https://support.google.com/merchants/answer/6324473) for custom grouping of items in a Shopping campaign.,Merchant API products_v1 ProductAttributes,processed Product output,ProductInput.productAttributes when allowed by Product Data Specification,products_v1,2026-09-07,https://merchantapi.googleapis.com/$discovery/rest?version=products_v1
customLabel4,string,channel_context,[Custom label 4](https://support.google.com/merchants/answer/6324473) for custom grouping of items in a Shopping campaign.,Merchant API products_v1 ProductAttributes,processed Product output,ProductInput.productAttributes when allowed by Product Data Specification,products_v1,2026-09-07,https://merchantapi.googleapis.com/$discovery/rest?version=products_v1
dateFirstRegistered,string,channel_or_specialized_context,The date the vehicle was first registered. Format: `YYYY-MM`. See the [Date first registered](https://support.google.com/google-ads/answer/14546138) for more information.,Merchant API products_v1 ProductAttributes,processed Product output,ProductInput.productAttributes when allowed by Product Data Specification,products_v1,2026-09-07,https://merchantapi.googleapis.com/$discovery/rest?version=products_v1
description,string,semantic_product_field,Description of the item.,Merchant API products_v1 ProductAttributes,processed Product output,ProductInput.productAttributes when allowed by Product Data Specification,products_v1,2026-09-07,https://merchantapi.googleapis.com/$discovery/rest?version=products_v1
disclosureDate,string,channel_context,"The date time when an offer becomes visible in search results across Google’s YouTube surfaces, in [ISO 8601](http://en.wikipedia.org/wiki/ISO_8601) format. See [Disclosure date](https://support.google.com/merchants/answer/13034208) for more information.",Merchant API products_v1 ProductAttributes,processed Product output,ProductInput.productAttributes when allowed by Product Data Specification,products_v1,2026-09-07,https://merchantapi.googleapis.com/$discovery/rest?version=products_v1
displayAddress,ref:DisplayAddress,specialized_vertical_field:property,The display address of the property.,Merchant API products_v1 ProductAttributes,processed Product output,ProductInput.productAttributes when allowed by Product Data Specification,products_v1,2026-09-07,https://merchantapi.googleapis.com/$discovery/rest?version=products_v1
displayAdsId,string,channel_context,An identifier for an item for dynamic remarketing campaigns.,Merchant API products_v1 ProductAttributes,processed Product output,ProductInput.productAttributes when allowed by Product Data Specification,products_v1,2026-09-07,https://merchantapi.googleapis.com/$discovery/rest?version=products_v1
displayAdsLink,string,channel_context,URL directly to your item's landing page for dynamic remarketing campaigns.,Merchant API products_v1 ProductAttributes,processed Product output,ProductInput.productAttributes when allowed by Product Data Specification,products_v1,2026-09-07,https://merchantapi.googleapis.com/$discovery/rest?version=products_v1
displayAdsSimilarIds,array[string],channel_context,"Advertiser-specified recommendations. For more information, see [Display ads attribute specification](https://support.google.com/merchants/answer/6069387).",Merchant API products_v1 ProductAttributes,processed Product output,ProductInput.productAttributes when allowed by Product Data Specification,products_v1,2026-09-07,https://merchantapi.googleapis.com/$discovery/rest?version=products_v1
displayAdsTitle,string,channel_context,Title of an item for dynamic remarketing campaigns.,Merchant API products_v1 ProductAttributes,processed Product output,ProductInput.productAttributes when allowed by Product Data Specification,products_v1,2026-09-07,https://merchantapi.googleapis.com/$discovery/rest?version=products_v1
displayAdsValue,number,channel_context,"Offer margin for dynamic remarketing campaigns. For more information, see [Display ads attribute](https://support.google.com/merchants/answer/6069387).",Merchant API products_v1 ProductAttributes,processed Product output,ProductInput.productAttributes when allowed by Product Data Specification,products_v1,2026-09-07,https://merchantapi.googleapis.com/$discovery/rest?version=products_v1
documentLinks,array[string],media_domain,"Optional. Contains a list of PDF [document URLs](https://support.google.com/merchants/answer/17084656) for the product. Examples are training manuals, user guides, assembly instructions, package inserts, etc. Must start with ""http://"" or ""https://""), ASCII characters only, and RFC 3986 compliant.",Merchant API products_v1 ProductAttributes,processed Product output,ProductInput.productAttributes when allowed by Product Data Specification,products_v1,2026-09-07,https://merchantapi.googleapis.com/$discovery/rest?version=products_v1
electricRange,ref:Mileage,specialized_vertical_field:vehicle,The [electric range](https://support.google.com/google-ads/answer/15162232) of the vehicle in miles/kms.,Merchant API products_v1 ProductAttributes,processed Product output,ProductInput.productAttributes when allowed by Product Data Specification,products_v1,2026-09-07,https://merchantapi.googleapis.com/$discovery/rest?version=products_v1
emissionsStandard,string,specialized_vertical_field:vehicle,The [emission standard](https://support.google.com/google-ads/answer/14869021) of the vehicle.,Merchant API products_v1 ProductAttributes,processed Product output,ProductInput.productAttributes when allowed by Product Data Specification,products_v1,2026-09-07,https://merchantapi.googleapis.com/$discovery/rest?version=products_v1
energyConsumption,ref:EnergyConsumption,specialized_vertical_field:vehicle,The [energy consumption](https://support.google.com/google-ads/answer/14546149) of the vehicle.,Merchant API products_v1 ProductAttributes,processed Product output,ProductInput.productAttributes when allowed by Product Data Specification,products_v1,2026-09-07,https://merchantapi.googleapis.com/$discovery/rest?version=products_v1
energyEfficiencyClass,string,semantic_product_field,The [energy efficiency class](https://support.google.com/merchants/answer/7562785) as defined in EU directive 2010/30/EU.,Merchant API products_v1 ProductAttributes,processed Product output,ProductInput.productAttributes when allowed by Product Data Specification,products_v1,2026-09-07,https://merchantapi.googleapis.com/$discovery/rest?version=products_v1
engine,string,specialized_vertical_field:vehicle,The [engine](https://support.google.com/google-ads/answer/14156068) type of the vehicle.,Merchant API products_v1 ProductAttributes,processed Product output,ProductInput.productAttributes when allowed by Product Data Specification,products_v1,2026-09-07,https://merchantapi.googleapis.com/$discovery/rest?version=products_v1
excludedDestinations,array[string],channel_context,"The list of destinations to exclude for this target (corresponds to unchecked check boxes in Merchant Center). For more information, see [Excluded destination](https://support.google.com/merchants/answer/6324486). Note: We recommend setting destinations on datasources level for most use cases. Use this field within products to only setup exceptions.",Merchant API products_v1 ProductAttributes,processed Product output,ProductInput.productAttributes when allowed by Product Data Specification,products_v1,2026-09-07,https://merchantapi.googleapis.com/$discovery/rest?version=products_v1
expirationDate,string,channel_context,"Date on which the item should expire, as specified upon insertion, in [ISO 8601](http://en.wikipedia.org/wiki/ISO_8601) format. The actual expiration date is exposed in `productstatuses` as [googleExpirationDate](https://support.google.com/merchants/answer/6324499) and might be earlier if `expirationDate` is too far in the future.",Merchant API products_v1 ProductAttributes,processed Product output,ProductInput.productAttributes when allowed by Product Data Specification,products_v1,2026-09-07,https://merchantapi.googleapis.com/$discovery/rest?version=products_v1
externalSellerId,string,channel_context,Required for multi-seller accounts. Use this attribute if you're a marketplace uploading products for various sellers to your multi-seller account.,Merchant API products_v1 ProductAttributes,processed Product output,ProductInput.productAttributes when allowed by Product Data Specification,products_v1,2026-09-07,https://merchantapi.googleapis.com/$discovery/rest?version=products_v1
freeShippingThreshold,array[FreeShippingThreshold],shipping_returns_domain,Conditions to be met for a product to have free shipping.,Merchant API products_v1 ProductAttributes,processed Product output,ProductInput.productAttributes when allowed by Product Data Specification,products_v1,2026-09-07,https://merchantapi.googleapis.com/$discovery/rest?version=products_v1
fuelConsumption,ref:FuelConsumption,specialized_vertical_field:vehicle,The [fuel consumption](https://support.google.com/google-ads/answer/14543580) of the vehicle.,Merchant API products_v1 ProductAttributes,processed Product output,ProductInput.productAttributes when allowed by Product Data Specification,products_v1,2026-09-07,https://merchantapi.googleapis.com/$discovery/rest?version=products_v1
fuelConsumptionDischargedBattery,ref:FuelConsumption,specialized_vertical_field:vehicle,The fuel consumption of the vehicle when the hybrid battery is discharged. See the [Help Center article](https://support.google.com/google-ads/answer/15162033) for more information.,Merchant API products_v1 ProductAttributes,processed Product output,ProductInput.productAttributes when allowed by Product Data Specification,products_v1,2026-09-07,https://merchantapi.googleapis.com/$discovery/rest?version=products_v1
gender,string,semantic_product_field,Target [gender](https://support.google.com/merchants/answer/6324479) of the item.,Merchant API products_v1 ProductAttributes,processed Product output,ProductInput.productAttributes when allowed by Product Data Specification,products_v1,2026-09-07,https://merchantapi.googleapis.com/$discovery/rest?version=products_v1
googleProductCategory,string,taxonomy_context,"Google's category of the item (see [Google product taxonomy](https://support.google.com/merchants/answer/1705911)). When querying products, this field will contain the user provided value. There is currently no way to get back the auto assigned google product categories through the API.",Merchant API products_v1 ProductAttributes,processed Product output,ProductInput.productAttributes when allowed by Product Data Specification,products_v1,2026-09-07,https://merchantapi.googleapis.com/$discovery/rest?version=products_v1
gtins,array[string],identifier_or_identity_semantic,Global Trade Item Numbers ([GTIN](https://support.google.com/merchants/answer/6324461)) of the item. You can provide up to 10 GTINs.,Merchant API products_v1 ProductAttributes,processed Product output,ProductInput.productAttributes when allowed by Product Data Specification,products_v1,2026-09-07,https://merchantapi.googleapis.com/$discovery/rest?version=products_v1
handlingCutoffTimes,array[HandlingCutoffTime],shipping_returns_domain,The handling cutoff times for shipping.,Merchant API products_v1 ProductAttributes,processed Product output,ProductInput.productAttributes when allowed by Product Data Specification,products_v1,2026-09-07,https://merchantapi.googleapis.com/$discovery/rest?version=products_v1
identifierExists,boolean,identifier_or_identity_semantic,"Set this value to false when the item does not have unique product identifiers appropriate to its category, such as GTIN, MPN, and brand. Defaults to true, if not provided.",Merchant API products_v1 ProductAttributes,processed Product output,ProductInput.productAttributes when allowed by Product Data Specification,products_v1,2026-09-07,https://merchantapi.googleapis.com/$discovery/rest?version=products_v1
imageLink,string,media_domain,URL of an image of the item.,Merchant API products_v1 ProductAttributes,processed Product output,ProductInput.productAttributes when allowed by Product Data Specification,products_v1,2026-09-07,https://merchantapi.googleapis.com/$discovery/rest?version=products_v1
includedDestinations,array[string],channel_context,"The list of destinations to include for this target (corresponds to checked check boxes in Merchant Center). Default destinations are always included unless provided in `excludedDestinations`. For more information, see [Included destination](https://support.google.com/merchants/answer/7501026). Note: We recommend setting destinations on datasources level for most use cases. Use this field within products to only setup exceptions.",Merchant API products_v1 ProductAttributes,processed Product output,ProductInput.productAttributes when allowed by Product Data Specification,products_v1,2026-09-07,https://merchantapi.googleapis.com/$discovery/rest?version=products_v1
installment,ref:ProductInstallment,pricing_or_commercial_domain,Number and amount of installments to pay for an item.,Merchant API products_v1 ProductAttributes,processed Product output,ProductInput.productAttributes when allowed by Product Data Specification,products_v1,2026-09-07,https://merchantapi.googleapis.com/$discovery/rest?version=products_v1
isBundle,boolean,relationship_or_variant_capability,Whether the item is a business-defined sub-API. A [sub-API] (https://support.google.com/merchants/answer/6324449) is a custom grouping of different products sold by a business for a single price.,Merchant API products_v1 ProductAttributes,processed Product output,ProductInput.productAttributes when allowed by Product Data Specification,products_v1,2026-09-07,https://merchantapi.googleapis.com/$discovery/rest?version=products_v1
itemGroupId,string,relationship_or_variant_capability,Shared identifier for all variants of the same product.,Merchant API products_v1 ProductAttributes,processed Product output,ProductInput.productAttributes when allowed by Product Data Specification,products_v1,2026-09-07,https://merchantapi.googleapis.com/$discovery/rest?version=products_v1
itemGroupTitle,string,relationship_or_variant_capability,"Optional. Represents the [title of the product group](https://support.google.com/merchants/answer/17085146) to which this variant product belongs. This can be used along with the [item group id](https://support.google.com/merchants/answer/6324507) attribute. It lets you perform better grouping of variant products, and helps identifying common product characteristics more efficiently.",Merchant API products_v1 ProductAttributes,processed Product output,ProductInput.productAttributes when allowed by Product Data Specification,products_v1,2026-09-07,https://merchantapi.googleapis.com/$discovery/rest?version=products_v1
latitude,number,specialized_vertical_field:property,"The latitude of the property. The value must be between -90 (inclusive) and 90 (inclusive), up to 6 decimal places.",Merchant API products_v1 ProductAttributes,processed Product output,ProductInput.productAttributes when allowed by Product Data Specification,products_v1,2026-09-07,https://merchantapi.googleapis.com/$discovery/rest?version=products_v1
leaseTerm,ref:LeaseTerm,specialized_vertical_field:property,The lease term of the property.,Merchant API products_v1 ProductAttributes,processed Product output,ProductInput.productAttributes when allowed by Product Data Specification,products_v1,2026-09-07,https://merchantapi.googleapis.com/$discovery/rest?version=products_v1
lifestyleImageLinks,array[string],media_domain,"Additional URLs of lifestyle images of the item, used to explicitly identify images that showcase your item in a real-world context. See the [Help Center article](https://support.google.com/merchants/answer/9103186) for more information.",Merchant API products_v1 ProductAttributes,processed Product output,ProductInput.productAttributes when allowed by Product Data Specification,products_v1,2026-09-07,https://merchantapi.googleapis.com/$discovery/rest?version=products_v1
link,string,semantic_product_field,URL directly linking to your item's page on your online store.,Merchant API products_v1 ProductAttributes,processed Product output,ProductInput.productAttributes when allowed by Product Data Specification,products_v1,2026-09-07,https://merchantapi.googleapis.com/$discovery/rest?version=products_v1
linkTemplate,string,channel_context,[Link template](https://support.google.com/merchants/answer/13871172) for business hosted local storefront.,Merchant API products_v1 ProductAttributes,processed Product output,ProductInput.productAttributes when allowed by Product Data Specification,products_v1,2026-09-07,https://merchantapi.googleapis.com/$discovery/rest?version=products_v1
longitude,number,specialized_vertical_field:property,"The longitude of the property. The value must be between -180 (inclusive) and 180 (inclusive), up to 6 decimal places.",Merchant API products_v1 ProductAttributes,processed Product output,ProductInput.productAttributes when allowed by Product Data Specification,products_v1,2026-09-07,https://merchantapi.googleapis.com/$discovery/rest?version=products_v1
loyaltyPoints,ref:LoyaltyPoints,pricing_or_commercial_domain,Loyalty points that users receive after purchasing the item. Japan only.,Merchant API products_v1 ProductAttributes,processed Product output,ProductInput.productAttributes when allowed by Product Data Specification,products_v1,2026-09-07,https://merchantapi.googleapis.com/$discovery/rest?version=products_v1
loyaltyPrograms,array[LoyaltyProgram],pricing_or_commercial_domain,"A list of loyalty program information that is used to surface loyalty benefits (for example, better pricing, points, etc) to the user of this item.",Merchant API products_v1 ProductAttributes,processed Product output,ProductInput.productAttributes when allowed by Product Data Specification,products_v1,2026-09-07,https://merchantapi.googleapis.com/$discovery/rest?version=products_v1
material,string,semantic_product_field,"The [material](https://support.google.com/merchants/answer/6324410) of which the item is made. For example, ""Leather"" or ""Cotton"".",Merchant API products_v1 ProductAttributes,processed Product output,ProductInput.productAttributes when allowed by Product Data Specification,products_v1,2026-09-07,https://merchantapi.googleapis.com/$discovery/rest?version=products_v1
maxEnergyEfficiencyClass,string,semantic_product_field,The [energy efficiency class](https://support.google.com/merchants/answer/7562785) as defined in EU directive 2010/30/EU.,Merchant API products_v1 ProductAttributes,processed Product output,ProductInput.productAttributes when allowed by Product Data Specification,products_v1,2026-09-07,https://merchantapi.googleapis.com/$discovery/rest?version=products_v1
maxHandlingTime,string,shipping_returns_domain,Maximal product handling time (in business days).,Merchant API products_v1 ProductAttributes,processed Product output,ProductInput.productAttributes when allowed by Product Data Specification,products_v1,2026-09-07,https://merchantapi.googleapis.com/$discovery/rest?version=products_v1
maximumRetailPrice,ref:Price,pricing_or_commercial_domain,Maximum retail price (MRP) of the item. Applicable to India only.,Merchant API products_v1 ProductAttributes,processed Product output,ProductInput.productAttributes when allowed by Product Data Specification,products_v1,2026-09-07,https://merchantapi.googleapis.com/$discovery/rest?version=products_v1
mileage,ref:Mileage,specialized_vertical_field:vehicle,The number of miles/kms on the vehicle. See the [Mileage](https://support.google.com/google-ads/answer/14156166) for more information.,Merchant API products_v1 ProductAttributes,processed Product output,ProductInput.productAttributes when allowed by Product Data Specification,products_v1,2026-09-07,https://merchantapi.googleapis.com/$discovery/rest?version=products_v1
minEnergyEfficiencyClass,string,semantic_product_field,The [energy efficiency class](https://support.google.com/merchants/answer/7562785) as defined in EU directive 2010/30/EU.,Merchant API products_v1 ProductAttributes,processed Product output,ProductInput.productAttributes when allowed by Product Data Specification,products_v1,2026-09-07,https://merchantapi.googleapis.com/$discovery/rest?version=products_v1
minHandlingTime,string,shipping_returns_domain,Minimal product handling time (in business days).,Merchant API products_v1 ProductAttributes,processed Product output,ProductInput.productAttributes when allowed by Product Data Specification,products_v1,2026-09-07,https://merchantapi.googleapis.com/$discovery/rest?version=products_v1
minimumOrderValues,array[ProductMinimumOrderValue],pricing_or_commercial_domain,"The [minimum value](https://support.google.com/merchants/answer/16989009) in the cart before a customer can initiate checkout. Supports multiple minimum order values. Different minimum order values can be specified per country, service and surface. Maximum entries: 100.",Merchant API products_v1 ProductAttributes,processed Product output,ProductInput.productAttributes when allowed by Product Data Specification,products_v1,2026-09-07,https://merchantapi.googleapis.com/$discovery/rest?version=products_v1
mobileLink,string,semantic_product_field,URL for the mobile-optimized version of your item's landing page.,Merchant API products_v1 ProductAttributes,processed Product output,ProductInput.productAttributes when allowed by Product Data Specification,products_v1,2026-09-07,https://merchantapi.googleapis.com/$discovery/rest?version=products_v1
mobileLinkTemplate,string,channel_context,[Link template](https://support.google.com/merchants/answer/13870216) for business hosted local storefront optimized for mobile devices.,Merchant API products_v1 ProductAttributes,processed Product output,ProductInput.productAttributes when allowed by Product Data Specification,products_v1,2026-09-07,https://merchantapi.googleapis.com/$discovery/rest?version=products_v1
model,string,channel_or_specialized_context,"The [Model](https://support.google.com/google-ads/answer/14154511) of the vehicle, such as `LX`, `EX`, and others.",Merchant API products_v1 ProductAttributes,processed Product output,ProductInput.productAttributes when allowed by Product Data Specification,products_v1,2026-09-07,https://merchantapi.googleapis.com/$discovery/rest?version=products_v1
mpn,string,identifier_or_identity_semantic,Manufacturer Part Number ([MPN](https://support.google.com/merchants/answer/6324482)) of the item.,Merchant API products_v1 ProductAttributes,processed Product output,ProductInput.productAttributes when allowed by Product Data Specification,products_v1,2026-09-07,https://merchantapi.googleapis.com/$discovery/rest?version=products_v1
multipack,string,relationship_or_variant_capability,The number of identical products in a business-defined multipack.,Merchant API products_v1 ProductAttributes,processed Product output,ProductInput.productAttributes when allowed by Product Data Specification,products_v1,2026-09-07,https://merchantapi.googleapis.com/$discovery/rest?version=products_v1
neighborhood,string,specialized_vertical_field:property,"The neighborhood (locality) of the property, such as `Wallingford`, `Greenwood`, etc.",Merchant API products_v1 ProductAttributes,processed Product output,ProductInput.productAttributes when allowed by Product Data Specification,products_v1,2026-09-07,https://merchantapi.googleapis.com/$discovery/rest?version=products_v1
numberOfBathrooms,number,specialized_vertical_field:property,The number of bathrooms in the property. The value must be greater than 0 and a multiple of 0.5.,Merchant API products_v1 ProductAttributes,processed Product output,ProductInput.productAttributes when allowed by Product Data Specification,products_v1,2026-09-07,https://merchantapi.googleapis.com/$discovery/rest?version=products_v1
numberOfBedrooms,number,specialized_vertical_field:property,The number of bedrooms in the property. The value must be greater than or equal to 0 and a multiple of 1.0.,Merchant API products_v1 ProductAttributes,processed Product output,ProductInput.productAttributes when allowed by Product Data Specification,products_v1,2026-09-07,https://merchantapi.googleapis.com/$discovery/rest?version=products_v1
numberOfUnits,string,specialized_vertical_field:property,The number of units available for a specific floor plan of the property. The value must be greater than 0.,Merchant API products_v1 ProductAttributes,processed Product output,ProductInput.productAttributes when allowed by Product Data Specification,products_v1,2026-09-07,https://merchantapi.googleapis.com/$discovery/rest?version=products_v1
pattern,string,semantic_product_field,"The item's [pattern](https://support.google.com/merchants/answer/6324483). For example, polka dots.",Merchant API products_v1 ProductAttributes,processed Product output,ProductInput.productAttributes when allowed by Product Data Specification,products_v1,2026-09-07,https://merchantapi.googleapis.com/$discovery/rest?version=products_v1
pause,string,channel_context,Publication of this item will be temporarily [paused](https://support.google.com/merchants/answer/11909930).,Merchant API products_v1 ProductAttributes,processed Product output,ProductInput.productAttributes when allowed by Product Data Specification,products_v1,2026-09-07,https://merchantapi.googleapis.com/$discovery/rest?version=products_v1
petPolicy,ref:PetPolicy,specialized_vertical_field:property,The pet policy for the property.,Merchant API products_v1 ProductAttributes,processed Product output,ProductInput.productAttributes when allowed by Product Data Specification,products_v1,2026-09-07,https://merchantapi.googleapis.com/$discovery/rest?version=products_v1
pickupCost,ref:PickupCost,shipping_returns_domain,Optional. The [pickup cost](https://support.google.com/merchants/answer/16988704) for an item when a customer buys it online and picks it up at a store.,Merchant API products_v1 ProductAttributes,processed Product output,ProductInput.productAttributes when allowed by Product Data Specification,products_v1,2026-09-07,https://merchantapi.googleapis.com/$discovery/rest?version=products_v1
pickupMethod,string,shipping_returns_domain,The [pickup](https://support.google.com/merchants/answer/14634021) option for the item.,Merchant API products_v1 ProductAttributes,processed Product output,ProductInput.productAttributes when allowed by Product Data Specification,products_v1,2026-09-07,https://merchantapi.googleapis.com/$discovery/rest?version=products_v1
pickupSla,string,shipping_returns_domain,"Item store pickup timeline. For more information, see [Pickup SLA](https://support.google.com/merchants/answer/14635400).",Merchant API products_v1 ProductAttributes,processed Product output,ProductInput.productAttributes when allowed by Product Data Specification,products_v1,2026-09-07,https://merchantapi.googleapis.com/$discovery/rest?version=products_v1
popularityRank,number,semantic_product_field,Optional. Indicates the [popularity](https://support.google.com/merchants/answer/17085297) of the product in a merchant's inventory. Using a scale of 0.0 (lowest) to 100.0 (highest).,Merchant API products_v1 ProductAttributes,processed Product output,ProductInput.productAttributes when allowed by Product Data Specification,products_v1,2026-09-07,https://merchantapi.googleapis.com/$discovery/rest?version=products_v1
price,ref:Price,pricing_or_commercial_domain,Price of the item.,Merchant API products_v1 ProductAttributes,processed Product output,ProductInput.productAttributes when allowed by Product Data Specification,products_v1,2026-09-07,https://merchantapi.googleapis.com/$discovery/rest?version=products_v1
productDetails,array[ProductDetail],semantic_product_field,Technical specification or additional product details.,Merchant API products_v1 ProductAttributes,processed Product output,ProductInput.productAttributes when allowed by Product Data Specification,products_v1,2026-09-07,https://merchantapi.googleapis.com/$discovery/rest?version=products_v1
productFee,array[ProductFee],specialized_vertical_field:property,The product fee for the property.,Merchant API products_v1 ProductAttributes,processed Product output,ProductInput.productAttributes when allowed by Product Data Specification,products_v1,2026-09-07,https://merchantapi.googleapis.com/$discovery/rest?version=products_v1
productHeight,ref:ProductDimension,semantic_product_field,The height of the product in the units provided. The value must be between 0 (exclusive) and 3000 (inclusive).,Merchant API products_v1 ProductAttributes,processed Product output,ProductInput.productAttributes when allowed by Product Data Specification,products_v1,2026-09-07,https://merchantapi.googleapis.com/$discovery/rest?version=products_v1
productHighlights,array[string],semantic_product_field,Bullet points describing the most relevant [product highlights](https://support.google.com/merchants/answer/9216100).,Merchant API products_v1 ProductAttributes,processed Product output,ProductInput.productAttributes when allowed by Product Data Specification,products_v1,2026-09-07,https://merchantapi.googleapis.com/$discovery/rest?version=products_v1
productLength,ref:ProductDimension,semantic_product_field,The length of the product in the units provided. The value must be between 0 (exclusive) and 3000 (inclusive).,Merchant API products_v1 ProductAttributes,processed Product output,ProductInput.productAttributes when allowed by Product Data Specification,products_v1,2026-09-07,https://merchantapi.googleapis.com/$discovery/rest?version=products_v1
productTypes,array[string],taxonomy_context,Categories of the item (formatted as in [product data specification](https://support.google.com/merchants/answer/7052112#product_category)).,Merchant API products_v1 ProductAttributes,processed Product output,ProductInput.productAttributes when allowed by Product Data Specification,products_v1,2026-09-07,https://merchantapi.googleapis.com/$discovery/rest?version=products_v1
productWeight,ref:ProductWeight,semantic_product_field,The weight of the product in the units provided. The value must be between 0 (exclusive) and 2000 (inclusive).,Merchant API products_v1 ProductAttributes,processed Product output,ProductInput.productAttributes when allowed by Product Data Specification,products_v1,2026-09-07,https://merchantapi.googleapis.com/$discovery/rest?version=products_v1
productWidth,ref:ProductDimension,semantic_product_field,The width of the product in the units provided. The value must be between 0 (exclusive) and 3000 (inclusive).,Merchant API products_v1 ProductAttributes,processed Product output,ProductInput.productAttributes when allowed by Product Data Specification,products_v1,2026-09-07,https://merchantapi.googleapis.com/$discovery/rest?version=products_v1
promotionIds,array[string],channel_context,The unique ID of a promotion.,Merchant API products_v1 ProductAttributes,processed Product output,ProductInput.productAttributes when allowed by Product Data Specification,products_v1,2026-09-07,https://merchantapi.googleapis.com/$discovery/rest?version=products_v1
propertyName,string,specialized_vertical_field:property,The name of the property.,Merchant API products_v1 ProductAttributes,processed Product output,ProductInput.productAttributes when allowed by Product Data Specification,products_v1,2026-09-07,https://merchantapi.googleapis.com/$discovery/rest?version=products_v1
propertyType,string,specialized_vertical_field:property,The type of property.,Merchant API products_v1 ProductAttributes,processed Product output,ProductInput.productAttributes when allowed by Product Data Specification,products_v1,2026-09-07,https://merchantapi.googleapis.com/$discovery/rest?version=products_v1
questionsAndAnswers,array[QuestionAndAnswer],semantic_product_field,"Optional. Contains user-, merchant-, and manufacturer-authored [questions and answers](https://support.google.com/merchants/answer/17085211) about the product. Max 30 question and answer pairs. Max 10000 characters total. Each question can have max 1000 characters. Each answer can have max 1000 characters.",Merchant API products_v1 ProductAttributes,processed Product output,ProductInput.productAttributes when allowed by Product Data Specification,products_v1,2026-09-07,https://merchantapi.googleapis.com/$discovery/rest?version=products_v1
relatedProducts,array[RelatedProduct],relationship_or_variant_capability,Optional. Specifies how other [products are related](https://support.google.com/merchants/answer/17085213) to this product.,Merchant API products_v1 ProductAttributes,processed Product output,ProductInput.productAttributes when allowed by Product Data Specification,products_v1,2026-09-07,https://merchantapi.googleapis.com/$discovery/rest?version=products_v1
returnPolicyLabel,string,channel_context,"The return label of the product, used to group products in account-level return policies. Max. 100 characters. For more information, see [Return policy label](https://support.google.com/merchants/answer/9445425).",Merchant API products_v1 ProductAttributes,processed Product output,ProductInput.productAttributes when allowed by Product Data Specification,products_v1,2026-09-07,https://merchantapi.googleapis.com/$discovery/rest?version=products_v1
returns,array[Returns],shipping_returns_domain,Optional. [Return rules](https://support.google.com/merchants/answer/17081382) for the product.,Merchant API products_v1 ProductAttributes,processed Product output,ProductInput.productAttributes when allowed by Product Data Specification,products_v1,2026-09-07,https://merchantapi.googleapis.com/$discovery/rest?version=products_v1
salePrice,ref:Price,pricing_or_commercial_domain,Advertised sale price of the item.,Merchant API products_v1 ProductAttributes,processed Product output,ProductInput.productAttributes when allowed by Product Data Specification,products_v1,2026-09-07,https://merchantapi.googleapis.com/$discovery/rest?version=products_v1
salePriceEffectiveDate,ref:Interval,pricing_or_commercial_domain,"Date range during which the item is on sale, see [product data specification](https://support.google.com/merchants/answer/7052112#price_and_availability).",Merchant API products_v1 ProductAttributes,processed Product output,ProductInput.productAttributes when allowed by Product Data Specification,products_v1,2026-09-07,https://merchantapi.googleapis.com/$discovery/rest?version=products_v1
sellOnGoogleQuantity,string,channel_or_specialized_context,The quantity of the product that is available for selling on Google. Supported only for online products.,Merchant API products_v1 ProductAttributes,processed Product output,ProductInput.productAttributes when allowed by Product Data Specification,products_v1,2026-09-07,https://merchantapi.googleapis.com/$discovery/rest?version=products_v1
shipping,array[Shipping],shipping_returns_domain,Shipping rules.,Merchant API products_v1 ProductAttributes,processed Product output,ProductInput.productAttributes when allowed by Product Data Specification,products_v1,2026-09-07,https://merchantapi.googleapis.com/$discovery/rest?version=products_v1
shippingHandlingBusinessDays,array[ShippingBusinessDaysConfig],shipping_returns_domain,"The business days during which orders can be handled. If not provided, Monday to Friday business days will be assumed.",Merchant API products_v1 ProductAttributes,processed Product output,ProductInput.productAttributes when allowed by Product Data Specification,products_v1,2026-09-07,https://merchantapi.googleapis.com/$discovery/rest?version=products_v1
shippingHeight,ref:ShippingDimension,shipping_returns_domain,Height of the item for shipping.,Merchant API products_v1 ProductAttributes,processed Product output,ProductInput.productAttributes when allowed by Product Data Specification,products_v1,2026-09-07,https://merchantapi.googleapis.com/$discovery/rest?version=products_v1
shippingLabel,string,channel_context,"The shipping label of the product, used to group products in account-level shipping rules. Max. 100 characters. For more information, see [Shipping label](https://support.google.com/merchants/answer/6324504).",Merchant API products_v1 ProductAttributes,processed Product output,ProductInput.productAttributes when allowed by Product Data Specification,products_v1,2026-09-07,https://merchantapi.googleapis.com/$discovery/rest?version=products_v1
shippingLength,ref:ShippingDimension,shipping_returns_domain,Length of the item for shipping.,Merchant API products_v1 ProductAttributes,processed Product output,ProductInput.productAttributes when allowed by Product Data Specification,products_v1,2026-09-07,https://merchantapi.googleapis.com/$discovery/rest?version=products_v1
shippingTransitBusinessDays,array[ShippingBusinessDaysConfig],shipping_returns_domain,"The business days during which orders are in transit. If not provided, Monday to Friday business days will be assumed.",Merchant API products_v1 ProductAttributes,processed Product output,ProductInput.productAttributes when allowed by Product Data Specification,products_v1,2026-09-07,https://merchantapi.googleapis.com/$discovery/rest?version=products_v1
shippingWeight,ref:ShippingWeight,shipping_returns_domain,Weight of the item for shipping.,Merchant API products_v1 ProductAttributes,processed Product output,ProductInput.productAttributes when allowed by Product Data Specification,products_v1,2026-09-07,https://merchantapi.googleapis.com/$discovery/rest?version=products_v1
shippingWidth,ref:ShippingDimension,shipping_returns_domain,Width of the item for shipping.,Merchant API products_v1 ProductAttributes,processed Product output,ProductInput.productAttributes when allowed by Product Data Specification,products_v1,2026-09-07,https://merchantapi.googleapis.com/$discovery/rest?version=products_v1
shoppingAdsExcludedCountries,array[string],channel_context,List of country codes [(ISO 3166-1 alpha-2)](https://en.wikipedia.org/wiki/ISO_3166-1_alpha-2) to exclude the offer from Shopping Ads destination. Countries from this list are removed from countries configured in data source settings.,Merchant API products_v1 ProductAttributes,processed Product output,ProductInput.productAttributes when allowed by Product Data Specification,products_v1,2026-09-07,https://merchantapi.googleapis.com/$discovery/rest?version=products_v1
shortTitle,string,semantic_product_field,The short title of the item.,Merchant API products_v1 ProductAttributes,processed Product output,ProductInput.productAttributes when allowed by Product Data Specification,products_v1,2026-09-07,https://merchantapi.googleapis.com/$discovery/rest?version=products_v1
size,string,semantic_product_field,"Size of the item. Only one value is allowed. For variants with different sizes, insert a separate product for each size with the same `itemGroupId` value, see [Size](https://support.google.com/merchants/answer/6324492).",Merchant API products_v1 ProductAttributes,processed Product output,ProductInput.productAttributes when allowed by Product Data Specification,products_v1,2026-09-07,https://merchantapi.googleapis.com/$discovery/rest?version=products_v1
sizeSystem,string,semantic_product_field,"System in which the size is specified. Recommended for apparel items. For more information, see [Size system](https://support.google.com/merchants/answer/6324502).",Merchant API products_v1 ProductAttributes,processed Product output,ProductInput.productAttributes when allowed by Product Data Specification,products_v1,2026-09-07,https://merchantapi.googleapis.com/$discovery/rest?version=products_v1
sizeTypes,array[string],semantic_product_field,"The cut of the item. It can be used to represent combined size types for apparel items. Maximum two of size types can be provided, see [Size type](https://support.google.com/merchants/answer/6324497).",Merchant API products_v1 ProductAttributes,processed Product output,ProductInput.productAttributes when allowed by Product Data Specification,products_v1,2026-09-07,https://merchantapi.googleapis.com/$discovery/rest?version=products_v1
specialtyHousingType,string,specialized_vertical_field:property,The specialty housing type for the property.,Merchant API products_v1 ProductAttributes,processed Product output,ProductInput.productAttributes when allowed by Product Data Specification,products_v1,2026-09-07,https://merchantapi.googleapis.com/$discovery/rest?version=products_v1
structuredDescription,ref:StructuredDescription,semantic_product_field,"Structured description, for algorithmically (AI)-generated descriptions.",Merchant API products_v1 ProductAttributes,processed Product output,ProductInput.productAttributes when allowed by Product Data Specification,products_v1,2026-09-07,https://merchantapi.googleapis.com/$discovery/rest?version=products_v1
structuredTitle,ref:StructuredTitle,semantic_product_field,"Structured title, for algorithmically (AI)-generated titles.",Merchant API products_v1 ProductAttributes,processed Product output,ProductInput.productAttributes when allowed by Product Data Specification,products_v1,2026-09-07,https://merchantapi.googleapis.com/$discovery/rest?version=products_v1
subscriptionCost,ref:SubscriptionCost,pricing_or_commercial_domain,"Number of periods (weeks, months or years) and amount of payment per period for an item with an associated subscription contract.",Merchant API products_v1 ProductAttributes,processed Product output,ProductInput.productAttributes when allowed by Product Data Specification,products_v1,2026-09-07,https://merchantapi.googleapis.com/$discovery/rest?version=products_v1
sustainabilityIncentives,array[ProductSustainabilityIncentive],channel_or_specialized_context,The list of sustainability incentive programs.,Merchant API products_v1 ProductAttributes,processed Product output,ProductInput.productAttributes when allowed by Product Data Specification,products_v1,2026-09-07,https://merchantapi.googleapis.com/$discovery/rest?version=products_v1
title,string,semantic_product_field,Title of the item.,Merchant API products_v1 ProductAttributes,processed Product output,ProductInput.productAttributes when allowed by Product Data Specification,products_v1,2026-09-07,https://merchantapi.googleapis.com/$discovery/rest?version=products_v1
transitTimeLabel,string,channel_context,"The transit time label of the product, used to group product in account-level transit time tables.",Merchant API products_v1 ProductAttributes,processed Product output,ProductInput.productAttributes when allowed by Product Data Specification,products_v1,2026-09-07,https://merchantapi.googleapis.com/$discovery/rest?version=products_v1
trim,string,specialized_vertical_field:vehicle,"The [Trim](https://support.google.com/google-ads/answer/14154176) of the vehicle model, such as `S`, `SV`, `SL` and others.",Merchant API products_v1 ProductAttributes,processed Product output,ProductInput.productAttributes when allowed by Product Data Specification,products_v1,2026-09-07,https://merchantapi.googleapis.com/$discovery/rest?version=products_v1
unitArea,ref:UnitArea,specialized_vertical_field:property,"The unit area of the property, such as `1000 sqft`.",Merchant API products_v1 ProductAttributes,processed Product output,ProductInput.productAttributes when allowed by Product Data Specification,products_v1,2026-09-07,https://merchantapi.googleapis.com/$discovery/rest?version=products_v1
unitPricingBaseMeasure,ref:UnitPricingBaseMeasure,channel_or_specialized_context,The preference of the denominator of the unit price.,Merchant API products_v1 ProductAttributes,processed Product output,ProductInput.productAttributes when allowed by Product Data Specification,products_v1,2026-09-07,https://merchantapi.googleapis.com/$discovery/rest?version=products_v1
unitPricingMeasure,ref:UnitPricingMeasure,channel_or_specialized_context,The measure and dimension of an item.,Merchant API products_v1 ProductAttributes,processed Product output,ProductInput.productAttributes when allowed by Product Data Specification,products_v1,2026-09-07,https://merchantapi.googleapis.com/$discovery/rest?version=products_v1
utilitiesIncluded,array[string],specialized_vertical_field:property,The utilities included for the property.,Merchant API products_v1 ProductAttributes,processed Product output,ProductInput.productAttributes when allowed by Product Data Specification,products_v1,2026-09-07,https://merchantapi.googleapis.com/$discovery/rest?version=products_v1
variantOptions,array[VariantOption],relationship_or_variant_capability,Optional. Contains the [list of all variant-identifying options](https://support.google.com/merchants/answer/17085214) of this product.,Merchant API products_v1 ProductAttributes,processed Product output,ProductInput.productAttributes when allowed by Product Data Specification,products_v1,2026-09-07,https://merchantapi.googleapis.com/$discovery/rest?version=products_v1
vehicleAllInPrice,ref:Price,specialized_vertical_field:vehicle,"The all-in advertised price for a vehicle, which includes costs for the following – any accessories attached to the vehicle, environmental levies, extra warranty, fuel, freight, pre-delivery inspection (PDI), dealer fees for handling licensing, provincial regulatory fees, miscellaneous dealer charges for security etching and nitrogen tire fill, and factory-to-customer or dealer-to-customer discounts or incentives. See the [Vehicle all-in price](https://support.google.com/google-ads/answer/14156981) for more information.",Merchant API products_v1 ProductAttributes,processed Product output,ProductInput.productAttributes when allowed by Product Data Specification,products_v1,2026-09-07,https://merchantapi.googleapis.com/$discovery/rest?version=products_v1
vehicleExpenses,ref:Price,specialized_vertical_field:vehicle,The miscellaneous expenses like insurance and registration fees of the vehicle. See the [Vehicle expenses](https://support.google.com/google-ads/answer/15957154) for more information.,Merchant API products_v1 ProductAttributes,processed Product output,ProductInput.productAttributes when allowed by Product Data Specification,products_v1,2026-09-07,https://merchantapi.googleapis.com/$discovery/rest?version=products_v1
vehicleMandatoryInspectionIncluded,boolean,specialized_vertical_field:vehicle,Whether the vehicle is sold with mandatory inspection and maintenance performed before delivery. See the [Vehicle mandatory inspection included](https://support.google.com/google-ads/answer/15956630) for more information.`,Merchant API products_v1 ProductAttributes,processed Product output,ProductInput.productAttributes when allowed by Product Data Specification,products_v1,2026-09-07,https://merchantapi.googleapis.com/$discovery/rest?version=products_v1
vehicleMsrp,ref:Price,specialized_vertical_field:vehicle,The MSRP (Manufacturer Suggested Retail Price) for the vehicle in its current configuration. See the [Vehicle MSRP](https://support.google.com/google-ads/answer/14154171) for more information.,Merchant API products_v1 ProductAttributes,processed Product output,ProductInput.productAttributes when allowed by Product Data Specification,products_v1,2026-09-07,https://merchantapi.googleapis.com/$discovery/rest?version=products_v1
vehiclePriceType,string,specialized_vertical_field:vehicle,The [price type](https://support.google.com/google-ads/answer/14592783) of the vehicle.,Merchant API products_v1 ProductAttributes,processed Product output,ProductInput.productAttributes when allowed by Product Data Specification,products_v1,2026-09-07,https://merchantapi.googleapis.com/$discovery/rest?version=products_v1
videoLinks,array[string],media_domain,Optional. A list of video URLs for the item. Use this attribute to provide more visuals for your product beyond your image attributes. See the [Help Center article](https://support.google.com/merchants/answer/15216925) for more information.,Merchant API products_v1 ProductAttributes,processed Product output,ProductInput.productAttributes when allowed by Product Data Specification,products_v1,2026-09-07,https://merchantapi.googleapis.com/$discovery/rest?version=products_v1
vin,string,specialized_vertical_field:vehicle,The [Vehicle Identification Number (VIN)](https://support.google.com/google-ads/answer/14154510) of the vehicle.,Merchant API products_v1 ProductAttributes,processed Product output,ProductInput.productAttributes when allowed by Product Data Specification,products_v1,2026-09-07,https://merchantapi.googleapis.com/$discovery/rest?version=products_v1
virtualModelLink,string,media_domain,URL of the 3D image of the item. See the [Help Center article](https://support.google.com/merchants/answer/13674896) for more information.,Merchant API products_v1 ProductAttributes,processed Product output,ProductInput.productAttributes when allowed by Product Data Specification,products_v1,2026-09-07,https://merchantapi.googleapis.com/$discovery/rest?version=products_v1
warranty,ref:Warranty,specialized_vertical_field:vehicle,The [warranty](https://support.google.com/google-ads/answer/15957626) of the vehicle.,Merchant API products_v1 ProductAttributes,processed Product output,ProductInput.productAttributes when allowed by Product Data Specification,products_v1,2026-09-07,https://merchantapi.googleapis.com/$discovery/rest?version=products_v1
year,string,specialized_vertical_field:vehicle,The [Year](https://support.google.com/google-ads/answer/14152816) of the vehicle model.,Merchant API products_v1 ProductAttributes,processed Product output,ProductInput.productAttributes when allowed by Product Data Specification,products_v1,2026-09-07,https://merchantapi.googleapis.com/$discovery/rest?version=products_v1
