change_id,effective_scope,announced_date,cluster,change_summary,connector_implication,source_url,review_status
collection_sources_2026_07,2026-07,2026-06-17,collections_relations,Collection ruleSet superseded by composable sources/typed conditions; legacy members remain deprecated/queryable,Use sources model as current authority; preserve legacy aliases only for compatibility,https://shopify.dev/changelog/new-collection-model-and-apis-now-available,LEAD_COMPLETENESS_PASS
variant_publishable_2026_07,2026-07,2026-05-07,publication_visibility,ProductVariant implements Publishable and can be independently published/unpublished,"Keep Product status, Product publication, and Variant publication as separate semantics",https://shopify.dev/changelog/publish-and-unpublish-product-variants-independently-from-product,LEAD_COMPLETENESS_PASS
metaobject_values_2026_07,2026-07,2026-06-11,metaobject_structures,Metaobject values JSON-style read/write property added,"values is convenient full-object representation; omitted keys clear, unlike patch-style fields",https://shopify.dev/changelog/streamlined-metaobject-api,LEAD_COMPLETENESS_PASS
app_delivery_profile_all_items_2026_07,2026-07,2026-06-17,delivery_profiles,App-owned DeliveryProfile can cover all shippable items via coversAllItems,"Treat coversAllItems as app-owned fulfillment context, not Product field",https://shopify.dev/changelog/admin-graphql-api-now-supports-app-owned-delivery-profiles-that-cover-all-shippable-items,LEAD_COMPLETENESS_PASS
channel_markets_2026_07,2026-07,2026-06-17,pricing_contextual_catalogs,Markets can target sales channels and combine catalogs/pricing/currency context,Channel market is connector/pricing context; do not flatten into Product fields,https://shopify.dev/changelog/create-channel-markets-with-the-graphql-admin-api,LEAD_COMPLETENESS_PASS
market_driven_shipping_2026_07,2026-07 feature preview/stable API,2026-07-01,delivery_profiles,Merchant shipping configuration moves toward Market.delivery while app-owned profiles remain,Detect effective shop model; Markets become merchant shipping authority where enabled,https://shopify.dev/changelog/market-driven-delivery-profiles-admin-api,LEAD_COMPLETENESS_PASS
merchant_delivery_profile_deprecation,2026-07 rollout boundary,2026-07-01,delivery_profiles,Merchant-owned DeliveryProfile APIs deprecated for market-driven shipping; reads may be stale and writes may not affect live settings,Never certify merchant shipping WRITE from a successful legacy DeliveryProfile response on migrated shops,https://shopify.dev/changelog/merchant-owned-delivery-profile-apis-are-deprecated-for-market-driven-shipping,LEAD_COMPLETENESS_PASS
events_metafield_triggers,current event surface,2026-07-21,connector_freshness_events,Events adds metafield triggers for Product and additional resource topics; ProductVariant metafields are represented through Product topic,Use event as precision freshness hint then re-read authoritative resource; do not infer final field state from event alone,https://shopify.dev/changelog/metafield-triggers-and-additional-topics-are-now-available-for-events,LEAD_COMPLETENESS_PASS
market_region_subdivision_2026_07,2026-07,2026-07-03,pricing_contextual_catalogs,Markets can contain MarketRegionSubdivision regions; deprecated market.regions may omit subdivisions,Read Market.conditions.regionsCondition.regions as authority for sub-region membership; do not assume country-only markets,https://shopify.dev/changelog/markets-apis-now-support-marketregionsubdivision,LEAD_COMPLETENESS_PASS
